000c4e74e6f2fb8954626f73585b5149,94be8f0c-229d-5120-8ec3-4a4b2eb759d2
000d2af45cb896639b0ebd12fb42220a,eb873bde-1e1d-5a29-8b4c-dc02cedd1584
0019d774a981f29a08dc5f3f59f1a3fa,9cf6de91-da84-5074-bfca-e1f3961ed07c
003806f4d342a8a9fcad6441279283a8,cf5676b3-13f1-5946-9f45-c9aa21c9bdba
0058db4323b9588ee645610bc93110e1,a621bfc3-8efc-54bd-ace7-c4d50940fc7d
006494029d97a67170cbf09be6df97ca,cd18797e-ccb1-5b3e-b32f-2b2aabf67d28
007654bcc71bfbe16e73003df7caa4f1,4eed77fa-9767-536f-8fef-728b06ae1cb3
007654bcc71bfbe16e73003df7caa4f1,eb873bde-1e1d-5a29-8b4c-dc02cedd1584
00ae1a553b01b8b5a3466c165ec89e81,207c913d-e57f-534b-ac8a-08e8ebf9933d
00ae1a553b01b8b5a3466c165ec89e81,897c4651-021d-5b44-a032-900b5676e247
00db955d3b8154ee785d6f3ece88c998,43b09f34-283d-5b09-84eb-a93df291c4c4
00e993f3e50641e435d52940978309e3,3d46b2a8-dcd5-56e3-80f3-cc19a7369651
01197d50f6e591bac93f463ac50caa67,e4a63f98-8afb-50e9-ad9a-4986fc498af9
014b0125596b71e5a10a2b88c5ea70a3,897c4651-021d-5b44-a032-900b5676e247
01790ee416d2be8b3af597948d2fa43f,ebc92dc3-8983-54dd-9caa-c6f17abe0517
01988605c5d07b025991e40dab0e9fc3,7cf9b00a-7f3d-527a-81c3-cb42eaa2be96
01a9578034264a18638ad9befb36f4b6,43b09f34-283d-5b09-84eb-a93df291c4c4
01c01579b689b299b90f8818f626863a,1c4057d8-6ee8-5c89-b45d-adc83d437048
020a8a25dcd69bbdaf616efb2af74831,cd18797e-ccb1-5b3e-b32f-2b2aabf67d28
02236b20191b4c54b04671c40714f0a2,61bf8b6f-e11d-50ac-8cae-d6e6afd6f5d5
02717622d58a8599b6e1bcdea8027d4b,7a1fc79b-257b-587d-9691-da866766d383
029e740f734dc41841837c3e1ec85072,7cf9b00a-7f3d-527a-81c3-cb42eaa2be96
02af1b20ea776ba46985b6e937cfd94a,caefd6be-08dd-561f-86e2-b3b02308da81
02be052224b2951a11b8bcb11e15a1f6,8cf95311-80b8-5a28-8132-7ffb8349c482
0307cb2cd9589f169fc0c81ec4e0c68b,207c913d-e57f-534b-ac8a-08e8ebf9933d
0307cb2cd9589f169fc0c81ec4e0c68b,d368b117-5414-5c50-b434-c21cfb5f6797
037a518e53c4d45249e14527bd7daf7e,aab2ba34-9ec2-5c61-948e-6a10c7b18488
037c805b26c588feb16453c005751d43,48a52860-1656-5303-ad23-7aa117354f8b
03a2183ccd3e5408744b879c808d4c7b,656f5eb2-7add-5b5e-a771-c4310b4be6c9
03b1f07570a230acf5253697814bd32d,940014f4-065e-5b01-9fbe-d4c28f766dae
03b8652099ebee2cae5f5765d2a84b6b,897c4651-021d-5b44-a032-900b5676e247
03d37b59cb76b8c2eb025866776c8727,1f43fcef-df62-50b8-8069-16415d068ed7
03e7148d926af51d9c436be57fb556e3,cd18797e-ccb1-5b3e-b32f-2b2aabf67d28
03ef2f916259deddaf789edffc10c575,897c4651-021d-5b44-a032-900b5676e247
040ebedea8ae911ba46d67ff2cd7cc22,eb873bde-1e1d-5a29-8b4c-dc02cedd1584
042300438153ab64608e5a30ef6c8e1a,7bd73cce-a068-5c73-a8f4-0e7b5d3e847e
0459b152e91fd666cbf6f839d710bc2b,ab0fd8fb-928e-585f-95d1-5a7f9983eacf
045b0ef1906c930bdeb2ab5c4991607a,063ce33f-b7aa-5660-a9ff-f188850a7d87
046a903af183bc7615bcf013873cbaf2,e4a63f98-8afb-50e9-ad9a-4986fc498af9
0477a2730cc6f7d2509a8d32a2b7d2ee,1f43fcef-df62-50b8-8069-16415d068ed7
049c3d1874c5b946459f8d2b8b7d377d,875094b8-c444-56b7-9af6-4524d0de89cc
04bfb03d7d50cb2999eedacbce6741df,14e13c91-19dc-5501-978c-2729a8ef67eb
04c2745d29dea136cbd6ed4604154d81,ebc92dc3-8983-54dd-9caa-c6f17abe0517
04f979a1f581ac7fda1ab2b922102278,7a1fc79b-257b-587d-9691-da866766d383
04fdacd525e50a38eb7dea017174bf4d,ab0fd8fb-928e-585f-95d1-5a7f9983eacf
051c7cfed6a459dd07cdcf2e1d3de161,61bf8b6f-e11d-50ac-8cae-d6e6afd6f5d5
05315e0774993eb6d0c1d67552a9558e,59b99578-e9d7-5ba7-9a9c-5a6088427a92
056942786c1bc8c7d495b653e438f89e,61bf8b6f-e11d-50ac-8cae-d6e6afd6f5d5
058c7f98e9ecf72cc47f019dabcaba5a,eb873bde-1e1d-5a29-8b4c-dc02cedd1584
06077a9c5dee940be3e36876c09b3c38,656f5eb2-7add-5b5e-a771-c4310b4be6c9
061149c461e97dddc2d514e4ebf7b984,7caf24f7-aaae-5cd6-8026-90cb081d8075
06280527808ba1938aa5cc3c314d1d72,656f5eb2-7add-5b5e-a771-c4310b4be6c9
06772bf1c7403968bdbc2d97f28913c4,b021c858-4e87-550d-adc4-b56553cc8004
0677a11f2fe680076700176f54b71afb,4eed77fa-9767-536f-8fef-728b06ae1cb3
0677a11f2fe680076700176f54b71afb,eb873bde-1e1d-5a29-8b4c-dc02cedd1584
069cb6c3c6647514b3cfcfe1cb7c839d,eb873bde-1e1d-5a29-8b4c-dc02cedd1584
06a41f70bdf29cb8a7f5338643378f5a,7caf24f7-aaae-5cd6-8026-90cb081d8075
06b81f7d965c3691a55af95b99f5a85b,7caf24f7-aaae-5cd6-8026-90cb081d8075
06be6eaef260d12d8ba961366c6deb97,4581acf9-a066-5fa8-aaf4-d6edf9a3a867
06c4bd26c8d5512ab5a470a671df2152,7caf24f7-aaae-5cd6-8026-90cb081d8075
06d40dc907da0c05b67cf7bd6edd6537,da83550d-5287-5e4b-8325-fdcd93e5018e
06e1e3445e22a90d5960ac31e2b3790d,d368b117-5414-5c50-b434-c21cfb5f6797
071a9288ae5eace5eb95e11566adef6d,9cf6de91-da84-5074-bfca-e1f3961ed07c
07593fa82900378051052eda8c7b05fc,8e859eb6-419c-5ddc-9d3c-dff1eafce995
0760367712a49fc4f18245636159f635,656f5eb2-7add-5b5e-a771-c4310b4be6c9
079043e9a4a1ef4a33e654f0438d1be1,43b09f34-283d-5b09-84eb-a93df291c4c4
079875ae9eb532e5eed23d3d25053af8,61bf8b6f-e11d-50ac-8cae-d6e6afd6f5d5
089a51fab00f8de37d7ef6bf7841ed21,3d46b2a8-dcd5-56e3-80f3-cc19a7369651
089a51fab00f8de37d7ef6bf7841ed21,82cbc83b-05d1-5a93-bb60-69c8c5f9aa04
08b443205388e9632164d0ea3b252bc7,611d3d52-2660-5a18-a27e-866a92ee221e
08d9e9bc82b79e928b5991decd4487f4,656f5eb2-7add-5b5e-a771-c4310b4be6c9
091640211a78566ded7580bd181d3eb7,7cf9b00a-7f3d-527a-81c3-cb42eaa2be96
09768f52433eb96489d4ad65fbf43783,43b09f34-283d-5b09-84eb-a93df291c4c4
0986c64d7c02567f1a98f9a460f14e02,cd18797e-ccb1-5b3e-b32f-2b2aabf67d28
09fdac61929d9429058ac29ecc2a2f58,9efa73fb-800e-59f7-96f1-5a1b3e9216ef
0a401ea534628bb7f8cac17aa1af9acb,da83550d-5287-5e4b-8325-fdcd93e5018e
0a57c48c8f094ad344e711c3be527194,5b9f3c7a-ce4f-5fde-afc7-221cd3f69ada
0a5ab2317bf14191fe24b16f2aeacef3,207c913d-e57f-534b-ac8a-08e8ebf9933d
0ab537db17cbe367b8fdfa89ba462d61,3d46b2a8-dcd5-56e3-80f3-cc19a7369651
0afd1bed6018415391275b4990a65f2b,875094b8-c444-56b7-9af6-4524d0de89cc
0b1d83cddfac5af9b84b10578a0a5b27,125e14b3-c05b-5d46-a15d-e4b86f112070
0b4f4e2952f92085f81ca75f3e27b554,8e859eb6-419c-5ddc-9d3c-dff1eafce995
0bda39544ba78fc3edb16b6fde083ed4,656f5eb2-7add-5b5e-a771-c4310b4be6c9
0bf28cfbb26cdb9637dba231ed12539c,82cbc83b-05d1-5a93-bb60-69c8c5f9aa04
0c46526edbe45b71da7559392c9118a3,7cf9b00a-7f3d-527a-81c3-cb42eaa2be96
0ca116c58cba527ce700a41010002fb6,61bf8b6f-e11d-50ac-8cae-d6e6afd6f5d5
0ca275f7fe4ffafdf40da2a65236a4da,da83550d-5287-5e4b-8325-fdcd93e5018e
0ca652bd90b338b4766d898cebb97bdf,7a1fc79b-257b-587d-9691-da866766d383
0cce5f57293bf4f8d6e78d0f56c33e0d,eb873bde-1e1d-5a29-8b4c-dc02cedd1584
0df315eacdd201a1696a9f53c87c485c,ab0fd8fb-928e-585f-95d1-5a7f9983eacf
0e29c6d29e9436c6edc673699d54fbed,9efa73fb-800e-59f7-96f1-5a1b3e9216ef
0e36ea0fb8783e106ccc8f6e983e7906,61bf8b6f-e11d-50ac-8cae-d6e6afd6f5d5
0e5ab25b60aeee086a1bdb6348a55bef,897c4651-021d-5b44-a032-900b5676e247
0e8d83cfa0c58435fbf92bdb7e5c6422,3d46b2a8-dcd5-56e3-80f3-cc19a7369651
0e8d83cfa0c58435fbf92bdb7e5c6422,93d0b666-26a5-57ab-a3dc-45f197c65e10
0e9838d8a20000a6dfd4b004271f5bed,7caf24f7-aaae-5cd6-8026-90cb081d8075
0e9d40051741069b65115420680c220c,628d1b77-562f-5511-aa4b-e858e3c8527f
0ea4c5c2d15f084bc660a52481226853,48a52860-1656-5303-ad23-7aa117354f8b
0f0c0c2dfe97276ff5f7b0fbec404c97,d368b117-5414-5c50-b434-c21cfb5f6797
0f29c0855dd07409e4a8c3c446540767,7caf24f7-aaae-5cd6-8026-90cb081d8075
0f2aceda31c42ebf699fb7186db1e711,cd18797e-ccb1-5b3e-b32f-2b2aabf67d28
0f6218236ab4ef296856f8c554a20882,48a52860-1656-5303-ad23-7aa117354f8b
0f97b448fab93ce1141aa657d040d458,93d0b666-26a5-57ab-a3dc-45f197c65e10
10755db21590e2d5e8a095169ced5a52,207c913d-e57f-534b-ac8a-08e8ebf9933d
10755db21590e2d5e8a095169ced5a52,897c4651-021d-5b44-a032-900b5676e247
111902ea6a3c95e5f50aee18c3bd93eb,5b9f3c7a-ce4f-5fde-afc7-221cd3f69ada
112933f5864e67f262303a754c6bee35,61bf8b6f-e11d-50ac-8cae-d6e6afd6f5d5
11320f578200ec0686d03482a04e67ea,cd18797e-ccb1-5b3e-b32f-2b2aabf67d28
118aa3095ad45b6748005659aed99c1e,6f667981-4451-5004-a851-e42a3420ab88
1202efb889aa7871c59b39c0dbd112e9,656f5eb2-7add-5b5e-a771-c4310b4be6c9
1219b46e93bbd19c470ce81a88cae30e,43b09f34-283d-5b09-84eb-a93df291c4c4
123baa45dc3e693ed7a9a40bfdfd25b5,9cf6de91-da84-5074-bfca-e1f3961ed07c
12740e09c5ecf3493386e192b4776849,6f667981-4451-5004-a851-e42a3420ab88
12776b7596db05356c72807c182fcfd8,897c4651-021d-5b44-a032-900b5676e247
12bfea8ef25cc4f96131a3f90daa5400,61bf8b6f-e11d-50ac-8cae-d6e6afd6f5d5
13746c8fe0c418ed901896b67ea4a77e,656f5eb2-7add-5b5e-a771-c4310b4be6c9
13c08222cb10110a3e01a4354d40856a,9cf6de91-da84-5074-bfca-e1f3961ed07c
13d657de45a4739ee62bb181743eb599,8cf95311-80b8-5a28-8132-7ffb8349c482
13fef0a9247418a4acb4fb57fc7f879b,611d3d52-2660-5a18-a27e-866a92ee221e
142264c3b7aa0d28a16090d9821d80c7,8e859eb6-419c-5ddc-9d3c-dff1eafce995
14363b25f52560f668e8c19634822cbe,5b9f3c7a-ce4f-5fde-afc7-221cd3f69ada
14ee1ba0d6b6f208775477101f08a9b3,e501fdef-3d5e-5128-b862-ad46cf063906
150032cb77155916c9dc6039ef3cc6e0,7bd73cce-a068-5c73-a8f4-0e7b5d3e847e
150a705a71bcf667e0b6c364d068d0fb,48a52860-1656-5303-ad23-7aa117354f8b
152dfc5aaf70b4e0edcc97d7546f641f,656f5eb2-7add-5b5e-a771-c4310b4be6c9
1563839c6d6410084d65fc5753bf314c,1f43fcef-df62-50b8-8069-16415d068ed7
15889cd53b7199e1c672e54ea12b06ce,61bf8b6f-e11d-50ac-8cae-d6e6afd6f5d5
15b9fcb11e13d0f6ae34e9cb3a8db7b7,43b09f34-283d-5b09-84eb-a93df291c4c4
16315cf040ec779dfe7ed74043c01e87,da83550d-5287-5e4b-8325-fdcd93e5018e
16b43ca63a06d1e672fec9a8430224d2,43b09f34-283d-5b09-84eb-a93df291c4c4
170295328f82614140c2c4692de3839c,7cf9b00a-7f3d-527a-81c3-cb42eaa2be96
1714e93ec8a48fa184a9be021dfd903f,207c913d-e57f-534b-ac8a-08e8ebf9933d
1714e93ec8a48fa184a9be021dfd903f,897c4651-021d-5b44-a032-900b5676e247
1716eebda95e061c1301395872883246,43b09f34-283d-5b09-84eb-a93df291c4c4
172e841e2f0e00813a8695538bc4eb1e,207c913d-e57f-534b-ac8a-08e8ebf9933d
17319c7261aaa09be1c0b320b361d142,61bf8b6f-e11d-50ac-8cae-d6e6afd6f5d5
174a0fc3e30fb8219987b6cf10092874,61bf8b6f-e11d-50ac-8cae-d6e6afd6f5d5
178a9740b61a9992459985094dab1a17,61bf8b6f-e11d-50ac-8cae-d6e6afd6f5d5
1795d50ffdba1c4b1e9ea4604eb1501a,897c4651-021d-5b44-a032-900b5676e247
17a1264adcaa5dcaf4dfe3f75f45c279,7cf9b00a-7f3d-527a-81c3-cb42eaa2be96
17b8cb4647d5e968bd3bc36b163b220f,61bf8b6f-e11d-50ac-8cae-d6e6afd6f5d5
17e479c2dcdec6f233580a6a2d4192c4,94be8f0c-229d-5120-8ec3-4a4b2eb759d2
181b54d4b0c1d6feb521086a215ffdc6,eb873bde-1e1d-5a29-8b4c-dc02cedd1584
18370a6bf59d7c40d94650510c34eabb,cb0d8c6e-7f98-5551-ac12-dc8ac8943286
184b563521a2c3ec972f6c9da62e5044,75ed19ed-9b89-5f63-a2ca-193a80458317
184f98982ebdd5a615e4baf9ac64150f,9cf6de91-da84-5074-bfca-e1f3961ed07c
18c6760b3a50437c5f741b0853c56232,bbb50559-558b-53f6-8a3a-19961ddf05ef
18f176121a112909d15e71d9c72346c0,611d3d52-2660-5a18-a27e-866a92ee221e
192c771f6ba402ae32a4d0473a1bc96a,14e13c91-19dc-5501-978c-2729a8ef67eb
195b6714cc7d2870ebc5fbc3821b4c61,611d3d52-2660-5a18-a27e-866a92ee221e
1962ed6a6cb5ab17e50adf309d46f125,207c913d-e57f-534b-ac8a-08e8ebf9933d
1962ed6a6cb5ab17e50adf309d46f125,9efa73fb-800e-59f7-96f1-5a1b3e9216ef
196bbb879dc4837f25fec4dbe869b0c8,125e14b3-c05b-5d46-a15d-e4b86f112070
19702fc24d746b13f7c0f5c967f69460,897c4651-021d-5b44-a032-900b5676e247
19a7a9c074d0d802cd871623892c4f00,207c913d-e57f-534b-ac8a-08e8ebf9933d
19a7a9c074d0d802cd871623892c4f00,875094b8-c444-56b7-9af6-4524d0de89cc
19acd505284d4683a799585c4d18e922,7caf24f7-aaae-5cd6-8026-90cb081d8075
1a70d696263830280d46c7b9d253574d,61bf8b6f-e11d-50ac-8cae-d6e6afd6f5d5
1a939059eb263ab4d781c69719b3f5e5,9cf6de91-da84-5074-bfca-e1f3961ed07c
1a94df5915bad1f98f7fd2b44bd284d9,59b99578-e9d7-5ba7-9a9c-5a6088427a92
1aefbde90f5ed7255f0f9b0f46d00074,eb873bde-1e1d-5a29-8b4c-dc02cedd1584
1aefef584149bafb1615eacdb562279b,7bd73cce-a068-5c73-a8f4-0e7b5d3e847e
1afaee202607d1425ab104d15a701ea6,cf5676b3-13f1-5946-9f45-c9aa21c9bdba
1b3f8f2c5c74168de793e845932bca83,94be8f0c-229d-5120-8ec3-4a4b2eb759d2
1b7bd4908ef3950ab0f1447ef6d2739e,7caf24f7-aaae-5cd6-8026-90cb081d8075
1bfd34d3e87c8b2a8b025143064f5d10,6f667981-4451-5004-a851-e42a3420ab88
1c0db5f915727eb10b05ce99d762da82,61bf8b6f-e11d-50ac-8cae-d6e6afd6f5d5
1c1c97607d949a56314253b2154d2e67,d368b117-5414-5c50-b434-c21cfb5f6797
1c5567dceeef7125bdfc776f41a520ba,897c4651-021d-5b44-a032-900b5676e247
1c5cfbfd54a47098f7d30c4df79c9191,4581acf9-a066-5fa8-aaf4-d6edf9a3a867
1cbf6d6398f4d3dce65e986b258ee2fc,ebc92dc3-8983-54dd-9caa-c6f17abe0517
1cc17001175891e835a36f865fa426f0,d9ad5815-06a6-5ce7-a342-cd0019412f73
1cd8e996202e4e2cd86f4b73c947773a,656f5eb2-7add-5b5e-a771-c4310b4be6c9
1d516280476fe1ebe4e605225df6fb0a,bf15ec86-d80c-5067-8f63-4c2f4186cda3
1d63e634e3050ca7f2d3b8e893b125fe,656f5eb2-7add-5b5e-a771-c4310b4be6c9
1d829f3f6ee04fa8b9dbf8dd800e921d,7a1fc79b-257b-587d-9691-da866766d383
1decbeca7b34df00a80984e0b28a76dd,9cf6de91-da84-5074-bfca-e1f3961ed07c
1e1f43b94cb9397cb80191ffe0f874ad,ab0fd8fb-928e-585f-95d1-5a7f9983eacf
1e58bf80606c9102b87cb209102293a9,611d3d52-2660-5a18-a27e-866a92ee221e
1e6d60732445b200aad5af610ee75e85,7bd73cce-a068-5c73-a8f4-0e7b5d3e847e
1e777eae2347476f04959b88e1645f65,5b9f3c7a-ce4f-5fde-afc7-221cd3f69ada
1e94066a87fe93c4e9ab6aa12bedf2aa,9cf6de91-da84-5074-bfca-e1f3961ed07c
1ea8fbf58903994c79832438add2aa90,940014f4-065e-5b01-9fbe-d4c28f766dae
1ece093e04500a7ee96a873f24f09b10,1c4057d8-6ee8-5c89-b45d-adc83d437048
1ef2399824e9f44dba4c1b9705c576e9,ebc92dc3-8983-54dd-9caa-c6f17abe0517
1ef7b1b1482601e3d2e063116513a3f2,940014f4-065e-5b01-9fbe-d4c28f766dae
1f20c192d1df74498518f6480e89c4ef,48a52860-1656-5303-ad23-7aa117354f8b
1f3e57374fd2c00a5af0c750bd74c242,eb873bde-1e1d-5a29-8b4c-dc02cedd1584
1f5449318bbc38d200fb9f3bcf87a50f,61bf8b6f-e11d-50ac-8cae-d6e6afd6f5d5
1f9104d49556412bd20a94c65fd0d350,4eed77fa-9767-536f-8fef-728b06ae1cb3
1fc1fbc569f966a03ad4597b17807e58,207c913d-e57f-534b-ac8a-08e8ebf9933d
2049f233bfea019cd7d17e070015e11b,611d3d52-2660-5a18-a27e-866a92ee221e
20543b02aea783694be2b9131b0f31c3,d368b117-5414-5c50-b434-c21cfb5f6797
2056111e2919fec96af9f664d42e2ae8,ab0fd8fb-928e-585f-95d1-5a7f9983eacf
2056292dd54f2857e52fa296f292c1c6,656f5eb2-7add-5b5e-a771-c4310b4be6c9
2068aaf1191d5230463be8713d8cad0e,611d3d52-2660-5a18-a27e-866a92ee221e
20b584ffabb8bf7c8b3c8abf0242dc26,93d0b666-26a5-57ab-a3dc-45f197c65e10
20c7a519ca5612254111781fc9f5f891,61bf8b6f-e11d-50ac-8cae-d6e6afd6f5d5
20e2766fd4b8cf944268143b07b7f04b,ab0fd8fb-928e-585f-95d1-5a7f9983eacf
20f7dd36dda38e9da2002c050ceea319,4581acf9-a066-5fa8-aaf4-d6edf9a3a867
20f90fb9f25117fe4931ffc1b6548d51,628d1b77-562f-5511-aa4b-e858e3c8527f
21677f716c1ed607de423f9a77dce029,3d46b2a8-dcd5-56e3-80f3-cc19a7369651
21677f716c1ed607de423f9a77dce029,93d0b666-26a5-57ab-a3dc-45f197c65e10
217935f57669b5c6c264bd7cf48dbb73,207c913d-e57f-534b-ac8a-08e8ebf9933d
21ad008052af28c1a673aa825cbd6edd,b3f1cee9-dc86-5d92-ae5e-b375141a3dde
21d04861381d701b06a201294b2eb31b,656f5eb2-7add-5b5e-a771-c4310b4be6c9
21db5ebea6400cd5326c6528c8e99cf9,94c995c7-3161-5b68-9185-60ec73870738
2240bc766fa98b2d5f6a92283039e79d,61bf8b6f-e11d-50ac-8cae-d6e6afd6f5d5
2261a8cdc8ea50e87e7aafdcec21e6db,61bf8b6f-e11d-50ac-8cae-d6e6afd6f5d5
227d8252ced6fb608a36451440a90fe4,a621bfc3-8efc-54bd-ace7-c4d50940fc7d
22e76cd6d1c42cf5f2f0a60db0eef77d,656f5eb2-7add-5b5e-a771-c4310b4be6c9
22f2de99f4ccd398a7db4d463f888b2a,7a1fc79b-257b-587d-9691-da866766d383
22f318cc39edea79e3ab0f340c3e2135,611d3d52-2660-5a18-a27e-866a92ee221e
22f695adac834694bbd5c8416eaeb6e6,93d0b666-26a5-57ab-a3dc-45f197c65e10
232976baf0e200a2cb64fd47b5de93f6,9efa73fb-800e-59f7-96f1-5a1b3e9216ef
2340cd61d63a5a92f82c4d46e9b485af,5b9f3c7a-ce4f-5fde-afc7-221cd3f69ada
234828a8b37c4e934a745909e07f15b6,897c4651-021d-5b44-a032-900b5676e247
23b8998dc83376fa565557656bb0286c,93d0b666-26a5-57ab-a3dc-45f197c65e10
23bbe86fa070ef39a646df8c5b99193a,7bd73cce-a068-5c73-a8f4-0e7b5d3e847e
23d00082dd66c189f5eb47bbf73275bd,063ce33f-b7aa-5660-a9ff-f188850a7d87
23f63c561d5ac2f393a3d9f6a160c4f4,897c4651-021d-5b44-a032-900b5676e247
24013cfd0e5aec77e15c12f0d116a440,cf5676b3-13f1-5946-9f45-c9aa21c9bdba
246693f6cb8556abc1ec6a3d5092e89d,d368b117-5414-5c50-b434-c21cfb5f6797
24a6572fafea0815e49fc330b687901d,eb873bde-1e1d-5a29-8b4c-dc02cedd1584
251bdbb83528e607091621c11419268a,125e14b3-c05b-5d46-a15d-e4b86f112070
255c0bb63fb4c91216d89fe822150c83,7cf9b00a-7f3d-527a-81c3-cb42eaa2be96
257c6f3e0ef5a6eaf7bde6afabf4462b,61bf8b6f-e11d-50ac-8cae-d6e6afd6f5d5
2586653c5b72fc97694dc0a5c8156d13,f5f6f585-f601-5e0c-a7bc-b9e973ed73f0
25fbc3d3ace5a42f2e69cce974683f74,7a1fc79b-257b-587d-9691-da866766d383
2606661eb8d3dd8d0733b801259899e8,1f43fcef-df62-50b8-8069-16415d068ed7
262eaa67b74d409537a92a608862eac2,897c4651-021d-5b44-a032-900b5676e247
263d0239dd774136c0af7e910abf2230,4eed77fa-9767-536f-8fef-728b06ae1cb3
263d0239dd774136c0af7e910abf2230,eb873bde-1e1d-5a29-8b4c-dc02cedd1584
2668c8a8ef19ec60d0de2f30080aecda,94be8f0c-229d-5120-8ec3-4a4b2eb759d2
266baf35909063bcc6c67aa5a322aea5,93d0b666-26a5-57ab-a3dc-45f197c65e10
267c328dd3cace7a62a633d03b19d36b,9cf6de91-da84-5074-bfca-e1f3961ed07c
268a5d56d52563620c743e34acae76f5,75ed19ed-9b89-5f63-a2ca-193a80458317
26e547fab2f2fa2b87405e80c98e6920,940014f4-065e-5b01-9fbe-d4c28f766dae
2701aa9841ab35f36a3e8d934660de24,7caf24f7-aaae-5cd6-8026-90cb081d8075
2704b5096ab51882890ff105f8f43a4c,14e13c91-19dc-5501-978c-2729a8ef67eb
2740bf2eb2d8da5250d194be8c31e926,5b9f3c7a-ce4f-5fde-afc7-221cd3f69ada
276a5054a2c64cdb68237da622474e0d,f5f6f585-f601-5e0c-a7bc-b9e973ed73f0
278b22631118c5abb54a8b8eb6f44d1f,3d46b2a8-dcd5-56e3-80f3-cc19a7369651
278b22631118c5abb54a8b8eb6f44d1f,82cbc83b-05d1-5a93-bb60-69c8c5f9aa04
27cfd351f20df34f4a5173fd64d6e5df,e4a63f98-8afb-50e9-ad9a-4986fc498af9
27f2428cf4e595271442b2e0e03aaa1e,d368b117-5414-5c50-b434-c21cfb5f6797
2815789cd9ceda5b2461b2bd720e5b65,43b09f34-283d-5b09-84eb-a93df291c4c4
289ba07396029fc6a14d563f6475edf1,eb873bde-1e1d-5a29-8b4c-dc02cedd1584
291293016276529a9e0d4954add77f0b,1f7ee918-f66f-5770-90bf-ff912bd48050
292e977ff5912e762c479d7616e6bd56,ebc92dc3-8983-54dd-9caa-c6f17abe0517
296f1cca8a5063237e11d50a8e34143b,8b4993d6-5ab8-5280-bfaa-f37bd2e53bd6
29719ff9777fc6f5d4bcc11998ada730,3a2e305f-b524-5b35-8fa8-54a3a55c08b1
29b25caee105118a386bedbb29f7def9,3d46b2a8-dcd5-56e3-80f3-cc19a7369651
29b3e8ceb60418cae8180fc4cca846f8,b021c858-4e87-550d-adc4-b56553cc8004
29f22938b750773b1243fec57e0e4fd3,eb873bde-1e1d-5a29-8b4c-dc02cedd1584
2a4f8f8f1c533ac3cd6c4e88a8822cd5,8e859eb6-419c-5ddc-9d3c-dff1eafce995
2a83a17b2b31f90f8592acdc9a26d87e,7cf9b00a-7f3d-527a-81c3-cb42eaa2be96
2a98d32a913ce1bce90160fc0b7981ee,cd18797e-ccb1-5b3e-b32f-2b2aabf67d28
2af1da91bb6da4c9d0a01739a700c47d,897c4651-021d-5b44-a032-900b5676e247
2b0b51193ae61a2b84f9f58ec1289798,7caf24f7-aaae-5cd6-8026-90cb081d8075
2b592e944e07d2f58265c0ea913a88d2,9cf6de91-da84-5074-bfca-e1f3961ed07c
2b753ea6cff21884f20c57e4a0c2f22e,ebc92dc3-8983-54dd-9caa-c6f17abe0517
2b80f6505f13b8525034355e48577372,8cf95311-80b8-5a28-8132-7ffb8349c482
2beceae9dbc946c88f4cdce765ef5394,656f5eb2-7add-5b5e-a771-c4310b4be6c9
2bf6366eb5783cb7af0dd2c6ec750cf4,875094b8-c444-56b7-9af6-4524d0de89cc
2bfa00111c32dc35edaddb47c143c1ef,61bf8b6f-e11d-50ac-8cae-d6e6afd6f5d5
2c02715840dae5b25c5b1510f5e9f047,eb873bde-1e1d-5a29-8b4c-dc02cedd1584
2c05243c494bde0df3cf34260df15a78,7caf24f7-aaae-5cd6-8026-90cb081d8075
2c29afaabcc0fd1a3d48f7078b2a91ed,7bd73cce-a068-5c73-a8f4-0e7b5d3e847e
2c34618524535151ce6dc807fa41218e,656f5eb2-7add-5b5e-a771-c4310b4be6c9
2c48150562205d4af3bb1ba8c9514e1a,7caf24f7-aaae-5cd6-8026-90cb081d8075
2c525ca02ccbd760478cae970f1a6c9b,875094b8-c444-56b7-9af6-4524d0de89cc
2c79fa9a124cd5d89f4f8646becc05fb,9cf6de91-da84-5074-bfca-e1f3961ed07c
2c92f08a678af12e883ba9ed93a970e0,43b09f34-283d-5b09-84eb-a93df291c4c4
2ca3389edc1596d012cfd83e628468a5,7a1fc79b-257b-587d-9691-da866766d383
2cb1f3f666917a9eafd6b691ffcb20dd,9cf6de91-da84-5074-bfca-e1f3961ed07c
2cbb67ab9d27fbf71b81d0a1e173ec78,3d46b2a8-dcd5-56e3-80f3-cc19a7369651
2cff2300c30adaea20abf8860ed38642,207c913d-e57f-534b-ac8a-08e8ebf9933d
2d28d67fef5a0af0a8131c10fbface45,61bf8b6f-e11d-50ac-8cae-d6e6afd6f5d5
2d445e812c3d4997bf022b75fa0172d2,7bd73cce-a068-5c73-a8f4-0e7b5d3e847e
2d4a19cb5908972198695a7a15054f5c,61bf8b6f-e11d-50ac-8cae-d6e6afd6f5d5
2d6403d2f5478db66fba41093c47a62f,207c913d-e57f-534b-ac8a-08e8ebf9933d
2d6403d2f5478db66fba41093c47a62f,d368b117-5414-5c50-b434-c21cfb5f6797
2ddf0fdfa9908ad3420225fc90b8606c,48a52860-1656-5303-ad23-7aa117354f8b
2e3ab8ba2cdd898471392cf8fb74c411,43b09f34-283d-5b09-84eb-a93df291c4c4
2e662122dbfe1a4aab61971ec15ed250,897c4651-021d-5b44-a032-900b5676e247
2e9621ac95134a0f0f9d6e37fe7b23a7,207c913d-e57f-534b-ac8a-08e8ebf9933d
2e9680b7b4de61a98f7070d957ebb059,207c913d-e57f-534b-ac8a-08e8ebf9933d
2e9680b7b4de61a98f7070d957ebb059,897c4651-021d-5b44-a032-900b5676e247
2e9ef941c79b1a4b5bd52441b08cf7d0,b021c858-4e87-550d-adc4-b56553cc8004
2ef9eea8ffd8d1a17675d586306a5d81,207c913d-e57f-534b-ac8a-08e8ebf9933d
2ef9eea8ffd8d1a17675d586306a5d81,7caf24f7-aaae-5cd6-8026-90cb081d8075
2ef9eea8ffd8d1a17675d586306a5d81,d368b117-5414-5c50-b434-c21cfb5f6797
2f0100658140bf7472daa7cea131d53a,5b9f3c7a-ce4f-5fde-afc7-221cd3f69ada
2f137d3495c66877cacc1993373e33b6,207c913d-e57f-534b-ac8a-08e8ebf9933d
2f137d3495c66877cacc1993373e33b6,d368b117-5414-5c50-b434-c21cfb5f6797
2f22b33e56aca0a7e6c49ab80b6b5203,207c913d-e57f-534b-ac8a-08e8ebf9933d
2f3559478d1b4495e5a323655b089512,3d46b2a8-dcd5-56e3-80f3-cc19a7369651
2f5390c34f8ad3c888a31b404b5c6869,8cf95311-80b8-5a28-8132-7ffb8349c482
2f6b3598388c7a0dcb1eef82dbb9424c,61bf8b6f-e11d-50ac-8cae-d6e6afd6f5d5
2f86725651cbec94d47183f3b1ccb758,9efa73fb-800e-59f7-96f1-5a1b3e9216ef
2fa1a19b608ca7205ab34fd8b2d0637e,7cf9b00a-7f3d-527a-81c3-cb42eaa2be96
2fa4e8fc84f40a8f70a013cc898324f6,207c913d-e57f-534b-ac8a-08e8ebf9933d
2fa6800c94ff54e6e4c02982673ce91d,ebc92dc3-8983-54dd-9caa-c6f17abe0517
2fd23b92ec802933978b4f675e6c0d95,6f667981-4451-5004-a851-e42a3420ab88
2fd2e77a37f62620e298719f2f263aa9,7a1fc79b-257b-587d-9691-da866766d383
2feb1c498c6b1b8f44914baba998131f,61bf8b6f-e11d-50ac-8cae-d6e6afd6f5d5
3007182df58b3e702a2ef00ec405be77,eb873bde-1e1d-5a29-8b4c-dc02cedd1584
30284ec5e32f876bb609730318cff6da,bbb50559-558b-53f6-8a3a-19961ddf05ef
303406eff0acbdc2d56fabaa729e358f,207c913d-e57f-534b-ac8a-08e8ebf9933d
30509a95b0c73f5952908cb038a99ad2,ebc92dc3-8983-54dd-9caa-c6f17abe0517
30edea57779314ec8294b7a1f3455be1,9cf6de91-da84-5074-bfca-e1f3961ed07c
30f1a59ff1c868a517ee7a4550c48c07,14e13c91-19dc-5501-978c-2729a8ef67eb
310327c5d7617151cd1eb511a90578d3,43b09f34-283d-5b09-84eb-a93df291c4c4
3111b1eded29c39785642385ceb75bac,43b09f34-283d-5b09-84eb-a93df291c4c4
315607aca49b49db64187f15469a5a4a,207c913d-e57f-534b-ac8a-08e8ebf9933d
315607aca49b49db64187f15469a5a4a,897c4651-021d-5b44-a032-900b5676e247
31787f95c72e914db4a51e21f8577773,9cf6de91-da84-5074-bfca-e1f3961ed07c
31c00be44c80bd19732bb25d78384cde,61bf8b6f-e11d-50ac-8cae-d6e6afd6f5d5
31cd082652594eaf5f2b5785f433d54a,75ed19ed-9b89-5f63-a2ca-193a80458317
31f6d76845f5610fab2d9b5754f5a21e,61bf8b6f-e11d-50ac-8cae-d6e6afd6f5d5
321a6d92dda686d377f527ce8100d0c8,cd18797e-ccb1-5b3e-b32f-2b2aabf67d28
322e28c1ef8b810430600279dbdf26a4,656f5eb2-7add-5b5e-a771-c4310b4be6c9
3231c636a2b525639ccc81605438b1e8,75ed19ed-9b89-5f63-a2ca-193a80458317
324e7ec0358c00935c60c6fc3f457175,7a1fc79b-257b-587d-9691-da866766d383
3284c2e540eb4a04272b3e5d875512dc,eb873bde-1e1d-5a29-8b4c-dc02cedd1584
32ca985d76215587fbf0af516b07c5c3,207c913d-e57f-534b-ac8a-08e8ebf9933d
32ca985d76215587fbf0af516b07c5c3,897c4651-021d-5b44-a032-900b5676e247
3316ab919f2a94ad4f7008dc43d9c63c,6b2ddd6b-2861-5626-b59e-9cf736ff2568
3380116ef8851b4e38739883f93b2401,7cf9b00a-7f3d-527a-81c3-cb42eaa2be96
33cfe40d7215cc2b71582b301f28c198,656f5eb2-7add-5b5e-a771-c4310b4be6c9
342d5b283598f0d5dfc8bafc68ec3463,8e859eb6-419c-5ddc-9d3c-dff1eafce995
34314dfbc42a517bc7aff88ed1ba67db,61bf8b6f-e11d-50ac-8cae-d6e6afd6f5d5
345e3820c40174bd128c8acf7912fcb9,61bf8b6f-e11d-50ac-8cae-d6e6afd6f5d5
34c757d360d42da22851d1e36189d60f,48a52860-1656-5303-ad23-7aa117354f8b
34d1400b1c8c46d9fc80eb21d00fc7d6,d368b117-5414-5c50-b434-c21cfb5f6797
3555ab434eab633d82df49301ae8a430,7cf9b00a-7f3d-527a-81c3-cb42eaa2be96
3591891b2b8e7f7d429d49252f7fb435,3d46b2a8-dcd5-56e3-80f3-cc19a7369651
3591891b2b8e7f7d429d49252f7fb435,82cbc83b-05d1-5a93-bb60-69c8c5f9aa04
3591891b2b8e7f7d429d49252f7fb435,93d0b666-26a5-57ab-a3dc-45f197c65e10
35b9a7da809a46a23c907864e1a560f5,3a2e305f-b524-5b35-8fa8-54a3a55c08b1
35bce369c53b7b8e48366fd95bdc94ba,7cf9b00a-7f3d-527a-81c3-cb42eaa2be96
35cb506e04eb3d4fa185f22fbefc3f60,656f5eb2-7add-5b5e-a771-c4310b4be6c9
35d1ef44f5728054862f61bfdc53007a,207c913d-e57f-534b-ac8a-08e8ebf9933d
35f305ee1a007b9e3b17b1ae33a29ca4,eb873bde-1e1d-5a29-8b4c-dc02cedd1584
35f60832a877ad276e9f38d049442fe1,3d46b2a8-dcd5-56e3-80f3-cc19a7369651
36cb2c3a0ea415d2c488c9e25f20035d,a621bfc3-8efc-54bd-ace7-c4d50940fc7d
370ae6cde0f497c84ce33b41bc4eb701,6b2ddd6b-2861-5626-b59e-9cf736ff2568
371f03a57f338cf8434078fc5965559c,cd18797e-ccb1-5b3e-b32f-2b2aabf67d28
3725a94e3d25b6ae6e4dee01b9a1bd26,ab0fd8fb-928e-585f-95d1-5a7f9983eacf
37484c17810a93c17c2cb50102476a7e,7cf9b00a-7f3d-527a-81c3-cb42eaa2be96
3756102f63387685966273154144da4b,7cf9b00a-7f3d-527a-81c3-cb42eaa2be96
37675ca34a52d957a7a3ef3732a4c95d,7a1fc79b-257b-587d-9691-da866766d383
37a5c09ad3f403ababf7550f04d04877,7cf9b00a-7f3d-527a-81c3-cb42eaa2be96
37b66ea97b741d9d29e9eab83b47c01d,75ed19ed-9b89-5f63-a2ca-193a80458317
37cfdb12b6cdab6d70ec8bacf1e51715,656f5eb2-7add-5b5e-a771-c4310b4be6c9
37df1a1a5fa74b808e5d923247f205f0,656f5eb2-7add-5b5e-a771-c4310b4be6c9
37e14f49177973974039b0f8a03c92f0,628d1b77-562f-5511-aa4b-e858e3c8527f
37ebb424d0820c11dd3432042a8a9a26,7caf24f7-aaae-5cd6-8026-90cb081d8075
37f377fe37d78577147400ebf8c0bec0,8b4993d6-5ab8-5280-bfaa-f37bd2e53bd6
3807efacb18c71e229fe0a66287c141c,61bf8b6f-e11d-50ac-8cae-d6e6afd6f5d5
381250096049bc59586a62bb6fd8a20f,b64d8288-b76d-5380-af9b-4cbfa23ffe6b
38148b8a1d5f44ce913e1695fb08c98a,6f667981-4451-5004-a851-e42a3420ab88
386fcec2d09e59217f598dcc2925956d,4eed77fa-9767-536f-8fef-728b06ae1cb3
386fcec2d09e59217f598dcc2925956d,eb873bde-1e1d-5a29-8b4c-dc02cedd1584
38c4fc4104a9a077a4b8e1271177971c,7a1fc79b-257b-587d-9691-da866766d383
38d71173779d7c673f2c39706bc5eb9a,cf5676b3-13f1-5946-9f45-c9aa21c9bdba
38f58b14898a2f43c1df9a1aabf41dbb,93d0b666-26a5-57ab-a3dc-45f197c65e10
39110a5eba4abe3931cb7d5b3968dae2,48a52860-1656-5303-ad23-7aa117354f8b
391b2d98f5c41cb514de2bdbb54fcd6c,61bf8b6f-e11d-50ac-8cae-d6e6afd6f5d5
39291a4891f6b179cef027cb42e99e64,656f5eb2-7add-5b5e-a771-c4310b4be6c9
394a994e61f2526c62306ea63411718c,4eed77fa-9767-536f-8fef-728b06ae1cb3
394a994e61f2526c62306ea63411718c,eb873bde-1e1d-5a29-8b4c-dc02cedd1584
3952c9cf5349a88ee17b9c1087f634a4,9cf6de91-da84-5074-bfca-e1f3961ed07c
395fc1619641ffe8e0ebba4dfce24913,5b9f3c7a-ce4f-5fde-afc7-221cd3f69ada
39750996450270a1335106a55c922cc2,aab2ba34-9ec2-5c61-948e-6a10c7b18488
399e4e0ea6abcd86d25fafb17135fdfa,656f5eb2-7add-5b5e-a771-c4310b4be6c9
39af3fa8299b725aaa4d6e0d4c2dee68,48a52860-1656-5303-ad23-7aa117354f8b
39d7340f7fe66c3899e4a9effafbe243,8cf95311-80b8-5a28-8132-7ffb8349c482
39ea705ce37d38cac049db50d9d5142e,3d46b2a8-dcd5-56e3-80f3-cc19a7369651
3a0867c101acf380be11ac722b623ce7,8e859eb6-419c-5ddc-9d3c-dff1eafce995
3a12695f1a491f33ca25fc049bf14c27,063ce33f-b7aa-5660-a9ff-f188850a7d87
3a256b621fa1ddcc387d482867a337b3,9cf6de91-da84-5074-bfca-e1f3961ed07c
3a6ac7b2882c107ff9b87bdfae78b263,e501fdef-3d5e-5128-b862-ad46cf063906
3abbf3fe6d6ed141cdf96debd6b655e8,3d46b2a8-dcd5-56e3-80f3-cc19a7369651
3abbf3fe6d6ed141cdf96debd6b655e8,93d0b666-26a5-57ab-a3dc-45f197c65e10
3ac310590389efb5fc5643ad4eb28971,9cf6de91-da84-5074-bfca-e1f3961ed07c
3adc0b154b7655a8455e619bfe20bc34,9efa73fb-800e-59f7-96f1-5a1b3e9216ef
3af0612216de8efcc65203b2c269e94b,59b99578-e9d7-5ba7-9a9c-5a6088427a92
3b85a1c2513cfb0c8fbe9ceccbd6ca48,7cf9b00a-7f3d-527a-81c3-cb42eaa2be96
3bc691da33a23d5d79cb170782f63d83,ab0fd8fb-928e-585f-95d1-5a7f9983eacf
3bf572427d62867c11720274ae780057,207c913d-e57f-534b-ac8a-08e8ebf9933d
3bf572427d62867c11720274ae780057,9efa73fb-800e-59f7-96f1-5a1b3e9216ef
3bfad2d5bb2a9ad813bc9f39bb30bc46,7cf9b00a-7f3d-527a-81c3-cb42eaa2be96
3bfd9cceaeda46e95f2c9100dfae8768,d368b117-5414-5c50-b434-c21cfb5f6797
3c08dc62fc8edeb9456df4d54357a387,7bd73cce-a068-5c73-a8f4-0e7b5d3e847e
3c6c334e608eaba2e5dc4709c53bfbca,9cf6de91-da84-5074-bfca-e1f3961ed07c
3c9443c03030a59b949568ac21092f94,82cbc83b-05d1-5a93-bb60-69c8c5f9aa04
3ca01e6df07ade1e4bf7224d6af7c3b4,cf5676b3-13f1-5946-9f45-c9aa21c9bdba
3cbe75d67d3fdacb896bf63a1287adbb,d9ad5815-06a6-5ce7-a342-cd0019412f73
3cc8eacbe40145654ec2bf71200407e5,d368b117-5414-5c50-b434-c21cfb5f6797
3d18ea6bc6549b753bf33f0ece9cccd4,4eed77fa-9767-536f-8fef-728b06ae1cb3
3d9f68724930818f252c67a3ab7d8a5f,5b9f3c7a-ce4f-5fde-afc7-221cd3f69ada
3ddb158e7e9d73677670493c8be8399e,d368b117-5414-5c50-b434-c21cfb5f6797
3deb7f0799c5445cfb31361052dac328,cd18797e-ccb1-5b3e-b32f-2b2aabf67d28
3e6d494d0276c8e2fc70a6ed25cc9cbd,8e859eb6-419c-5ddc-9d3c-dff1eafce995
3e6eee416a95f7b36f4c233838e20aeb,656f5eb2-7add-5b5e-a771-c4310b4be6c9
3eef751418fa21c3279856f2078b5eff,da83550d-5287-5e4b-8325-fdcd93e5018e
3ef07c04eb6acbf455e6579e976157d8,f5f6f585-f601-5e0c-a7bc-b9e973ed73f0
3f0f45ed78a3a660e821ce4fc5988041,7caf24f7-aaae-5cd6-8026-90cb081d8075
3f1f4767a91ca7a3553cea99d5dd8f77,ebc92dc3-8983-54dd-9caa-c6f17abe0517
3f36d6292c55458e0a5cf5377481f5cd,59b99578-e9d7-5ba7-9a9c-5a6088427a92
3f544414aaf400ea974612282fa385da,4eed77fa-9767-536f-8fef-728b06ae1cb3
3f544414aaf400ea974612282fa385da,eb873bde-1e1d-5a29-8b4c-dc02cedd1584
3f6ba34cf4edf7e79c2262624b762b56,b021c858-4e87-550d-adc4-b56553cc8004
3f9a6bd713203ceffd8aefeaa75a8556,5b9f3c7a-ce4f-5fde-afc7-221cd3f69ada
3fb83d36f3672eecfe7686b9df2dfb5e,61bf8b6f-e11d-50ac-8cae-d6e6afd6f5d5
3fbac9fc2a90f92c519b9b0759ca3f34,e4a63f98-8afb-50e9-ad9a-4986fc498af9
4024ffbeb2a0c0e906c49a63c55de78a,656f5eb2-7add-5b5e-a771-c4310b4be6c9
40c4a0c0514aa53c25bbdae08fbc94db,61bf8b6f-e11d-50ac-8cae-d6e6afd6f5d5
40ea1b234282b0b8adcfd74c02e71bd2,61bf8b6f-e11d-50ac-8cae-d6e6afd6f5d5
40eae17c91884faf1f1c727887bc6018,7caf24f7-aaae-5cd6-8026-90cb081d8075
412a9d4f20e85bb1214a15cc78140197,9cf6de91-da84-5074-bfca-e1f3961ed07c
415e4a6e6732bbfaf75bcceb57533033,1c4057d8-6ee8-5c89-b45d-adc83d437048
41657cf0bc867d40ec4ed46d6b46f739,61bf8b6f-e11d-50ac-8cae-d6e6afd6f5d5
41bffb7eff6a18b390552d7af82295ac,61bf8b6f-e11d-50ac-8cae-d6e6afd6f5d5
41c241d10d481c315046357dc39a5c84,d368b117-5414-5c50-b434-c21cfb5f6797
4208fa06c279151c916c1e0729188595,9efa73fb-800e-59f7-96f1-5a1b3e9216ef
42254bd0a020c9cb0af105d8ba8a3a13,cf5676b3-13f1-5946-9f45-c9aa21c9bdba
42289ceded16ad95903e24d818e2bdf1,94be8f0c-229d-5120-8ec3-4a4b2eb759d2
423dc738078e0f69059b16051dec1c73,656f5eb2-7add-5b5e-a771-c4310b4be6c9
4293f2a2bf9352b9fe2aaffc474cbc91,207c913d-e57f-534b-ac8a-08e8ebf9933d
4293f2a2bf9352b9fe2aaffc474cbc91,897c4651-021d-5b44-a032-900b5676e247
42b95168b42c90ccadff40f062eda41c,125e14b3-c05b-5d46-a15d-e4b86f112070
42b95829912b0072ab6092602e33a531,897c4651-021d-5b44-a032-900b5676e247
42ba5983a0081a777bf2ca996ac47248,43b09f34-283d-5b09-84eb-a93df291c4c4
42c97ba4244adad1018be0a5c7b6f7b2,7a1fc79b-257b-587d-9691-da866766d383
42dff2d209c86df34f513e0e0afd68a7,d368b117-5414-5c50-b434-c21cfb5f6797
42e9581b5e4920745c69a478861663c7,063ce33f-b7aa-5660-a9ff-f188850a7d87
4307bd6818f2c09640d08d521818dc97,61bf8b6f-e11d-50ac-8cae-d6e6afd6f5d5
4326baf0fe1520c66bb2f22f36b5a20c,611d3d52-2660-5a18-a27e-866a92ee221e
4377232a296bbc5b330312afad4b8f68,7bd73cce-a068-5c73-a8f4-0e7b5d3e847e
43a9f2ce5d47b67f93cce58ebd4ba764,5b9f3c7a-ce4f-5fde-afc7-221cd3f69ada
43b2ac5da047be0d45efedd9f48e4d8d,61bf8b6f-e11d-50ac-8cae-d6e6afd6f5d5
43cf4e86a81700ac352739699662770f,8e859eb6-419c-5ddc-9d3c-dff1eafce995
43e818cf6a5408bc7413834288a13c48,063ce33f-b7aa-5660-a9ff-f188850a7d87
441c616366cea853121c4245dc9726e9,59b99578-e9d7-5ba7-9a9c-5a6088427a92
443b1190f054d40a3f6ae973abedb9ae,207c913d-e57f-534b-ac8a-08e8ebf9933d
44703538c459b3ae3942c1772e31cd75,61bf8b6f-e11d-50ac-8cae-d6e6afd6f5d5
44aa744b8b1c0aa5d1ad799c9eadc55b,656f5eb2-7add-5b5e-a771-c4310b4be6c9
44c5273236fe24984840d21186ce74e1,cd18797e-ccb1-5b3e-b32f-2b2aabf67d28
451b0414fb0794e4ab0eb7eb40ea2081,207c913d-e57f-534b-ac8a-08e8ebf9933d
4530d6377616b4f5aa7cb92134e3c6e9,063ce33f-b7aa-5660-a9ff-f188850a7d87
457c1a1278a2ff515ed9d810f42ae10d,611d3d52-2660-5a18-a27e-866a92ee221e
458683354af0d4c08342b6b618e89e49,207c913d-e57f-534b-ac8a-08e8ebf9933d
458683354af0d4c08342b6b618e89e49,43b09f34-283d-5b09-84eb-a93df291c4c4
459a34255bc4341b8632ef036bf95a19,61bf8b6f-e11d-50ac-8cae-d6e6afd6f5d5
45a2782dd6809280b2601a84c44a66a2,063ce33f-b7aa-5660-a9ff-f188850a7d87
45c00b259306103593adfac3b7981441,6b2ddd6b-2861-5626-b59e-9cf736ff2568
45c8774d345def975d2609b720d1c454,9cf6de91-da84-5074-bfca-e1f3961ed07c
45d5b32ce4f009ddf348cdf4a424fb10,8b4993d6-5ab8-5280-bfaa-f37bd2e53bd6
45f998d31a2bd105dcd1407fb259e697,48a52860-1656-5303-ad23-7aa117354f8b
45fd041c15c2a154f7e26d373104571f,ebc92dc3-8983-54dd-9caa-c6f17abe0517
4654788b937e618dc95f96dc498442d1,207c913d-e57f-534b-ac8a-08e8ebf9933d
4654788b937e618dc95f96dc498442d1,d368b117-5414-5c50-b434-c21cfb5f6797
4679fdf4cd18249d89f6b035807dc6db,1f43fcef-df62-50b8-8069-16415d068ed7
46955f47505e25d466c0a47b105eefc9,875094b8-c444-56b7-9af6-4524d0de89cc
4727f9fc8cac7060f7dda8a8be880eb5,9cf6de91-da84-5074-bfca-e1f3961ed07c
47576fceb1da07c981dd69bde683cb6f,3d46b2a8-dcd5-56e3-80f3-cc19a7369651
47b49728411400d87423598081420a19,207c913d-e57f-534b-ac8a-08e8ebf9933d
47c00123d93be6afe18ae5a25e587c4e,3d46b2a8-dcd5-56e3-80f3-cc19a7369651
47d61bb2ac32fb75c48c9a29b8248fdd,207c913d-e57f-534b-ac8a-08e8ebf9933d
47d61bb2ac32fb75c48c9a29b8248fdd,897c4651-021d-5b44-a032-900b5676e247
47daa6424e28c0544bcebd40a16e2c33,caefd6be-08dd-561f-86e2-b3b02308da81
47f3f2c8911b4a2ce1468e62ecb0dc97,6b2ddd6b-2861-5626-b59e-9cf736ff2568
48269e41a20e8eb21ff03ccb8c576b63,caefd6be-08dd-561f-86e2-b3b02308da81
48e5a0d34cfd2ff0eaec3578833f2e0b,bbb50559-558b-53f6-8a3a-19961ddf05ef
48f084fb05696a9cb51ed9f1f206b75a,61bf8b6f-e11d-50ac-8cae-d6e6afd6f5d5
48fe9ef918d6146fd0c023abed6b8822,207c913d-e57f-534b-ac8a-08e8ebf9933d
492c5d19c82130cdc6e3299bac597f0d,7caf24f7-aaae-5cd6-8026-90cb081d8075
498db0cf4e85bb3c2fb94e99f5d173b4,61bf8b6f-e11d-50ac-8cae-d6e6afd6f5d5
49ecef678cbdc354f8bf75d33facc4d9,897c4651-021d-5b44-a032-900b5676e247
4a7b622ea5981f5bd4d76dd45e4911eb,8e859eb6-419c-5ddc-9d3c-dff1eafce995
4a9e21a83ee2af5ff7f5bc06d37e6e1e,9cf6de91-da84-5074-bfca-e1f3961ed07c
4aa64d95e0e3404ac2b1d5bc4e773174,6b2ddd6b-2861-5626-b59e-9cf736ff2568
4ac37bc7b810e7f651e1b791b3baae7a,7cf9b00a-7f3d-527a-81c3-cb42eaa2be96
4acb1b9bb409ff3b41e3848e55bd22d6,48a52860-1656-5303-ad23-7aa117354f8b
4af3705ff93ad2aea162f45cdf972ca9,d368b117-5414-5c50-b434-c21cfb5f6797
4b213035a62ec32c72957f1e8dc6edda,897c4651-021d-5b44-a032-900b5676e247
4b2dfb1b2077dcbac1447128e6215980,656f5eb2-7add-5b5e-a771-c4310b4be6c9
4b6545c1b6fce341babac9430b772e24,cd18797e-ccb1-5b3e-b32f-2b2aabf67d28
4b7b11b1b02f38bcc1ca69a8f84d4341,cd18797e-ccb1-5b3e-b32f-2b2aabf67d28
4c48bb64e2dc30ff9d7d52d37e4606e9,7caf24f7-aaae-5cd6-8026-90cb081d8075
4c701f30133ff003cff9b3a42730cf2a,6b2ddd6b-2861-5626-b59e-9cf736ff2568
4c78b6b4206e0a532dad77803e6814cc,93d0b666-26a5-57ab-a3dc-45f197c65e10
4c7e731d38ea7fde0c34ebcc48a7c15d,7bd73cce-a068-5c73-a8f4-0e7b5d3e847e
4c7e94f2bd8d1720c38ae5174a44a78e,1f43fcef-df62-50b8-8069-16415d068ed7
4caa0609951f458445a3165ba432668d,7caf24f7-aaae-5cd6-8026-90cb081d8075
4cc04e76b5113c6e12b85ea341c0ba4f,875094b8-c444-56b7-9af6-4524d0de89cc
4cd2112bb67cbc764c01a43ffd453085,61bf8b6f-e11d-50ac-8cae-d6e6afd6f5d5
4cd51a5eb4b449c91f55a2ce2dc4f8a2,3d46b2a8-dcd5-56e3-80f3-cc19a7369651
4ce37a1e27da45f2e07af13dcd31ed7b,aab2ba34-9ec2-5c61-948e-6a10c7b18488
4ce8d1c942ef639113808fcb61c71358,61bf8b6f-e11d-50ac-8cae-d6e6afd6f5d5
4ceb4129191c5d498d91e9205afa02d1,125e14b3-c05b-5d46-a15d-e4b86f112070
4d59fc7fab3d4a5ccd2dd146b4234c99,9cf6de91-da84-5074-bfca-e1f3961ed07c
4dd58b6422de103fdebd5fcfbbe90aa3,eb873bde-1e1d-5a29-8b4c-dc02cedd1584
4de054ee9c2bec1017874f1423cd6847,5b9f3c7a-ce4f-5fde-afc7-221cd3f69ada
4e1e5a81917706bd25ba0f2f582b7651,caefd6be-08dd-561f-86e2-b3b02308da81
4e35080360d0f258f1b0763d9804918f,93d0b666-26a5-57ab-a3dc-45f197c65e10
4e36c73f1133f43b1b61dde02c801942,8e859eb6-419c-5ddc-9d3c-dff1eafce995
4e87a26693d000779f6ca95c9f6e0853,656f5eb2-7add-5b5e-a771-c4310b4be6c9
4e8b03c86db830b1dadac266c640b9fa,656f5eb2-7add-5b5e-a771-c4310b4be6c9
4eface0803ba4ddbb8777fa70c7e60b7,ebc92dc3-8983-54dd-9caa-c6f17abe0517
4f3240b8c39c6ae874687bfcae95223a,3d46b2a8-dcd5-56e3-80f3-cc19a7369651
4f3240b8c39c6ae874687bfcae95223a,82cbc83b-05d1-5a93-bb60-69c8c5f9aa04
4f87c300a8985e3b4ea2598fdd62d6c5,d368b117-5414-5c50-b434-c21cfb5f6797
4f9f907f53ef32cf1d7cb7d220d8b0d2,cd18797e-ccb1-5b3e-b32f-2b2aabf67d28
4fa40b50388f6a9ff1cf5d63049b7342,61bf8b6f-e11d-50ac-8cae-d6e6afd6f5d5
4fae983c84280231c6b255e215f00508,d368b117-5414-5c50-b434-c21cfb5f6797
4fbc94095808b08ed9ba8f44d163914d,7cf9b00a-7f3d-527a-81c3-cb42eaa2be96
4fbee32d679aa4c012efcce44d4b0abf,61bf8b6f-e11d-50ac-8cae-d6e6afd6f5d5
50277b3694e47e6288c9e3efc71086e8,48a52860-1656-5303-ad23-7aa117354f8b
5077feedf548ade21a22b19f665aaa87,9cf6de91-da84-5074-bfca-e1f3961ed07c
50938dd31804f093a954adfb8c65d76f,1f43fcef-df62-50b8-8069-16415d068ed7
50cccad116869b375e3e9982b2ea91d1,cb0d8c6e-7f98-5551-ac12-dc8ac8943286
50f13e615fbabffbbdbd7f2f6618e796,94be8f0c-229d-5120-8ec3-4a4b2eb759d2
5178e90a2e5f841786869909d604df92,207c913d-e57f-534b-ac8a-08e8ebf9933d
51c428ff0a5df3e2dd0bd326c4cde00a,d368b117-5414-5c50-b434-c21cfb5f6797
51ca4f3a1f1f984d33a484f917279211,d368b117-5414-5c50-b434-c21cfb5f6797
51f567d12b4a7ac8a659043a7ace57f2,93d0b666-26a5-57ab-a3dc-45f197c65e10
5242ed22b284a3c57a9316b2a132f40a,9efa73fb-800e-59f7-96f1-5a1b3e9216ef
526e8b08fd99a303241f776286a7d38e,ebc92dc3-8983-54dd-9caa-c6f17abe0517
52ab80cbc5a037bdbf50f4029713b626,1f43fcef-df62-50b8-8069-16415d068ed7
52dcf778407ec97949964021771b2b40,207c913d-e57f-534b-ac8a-08e8ebf9933d
52dcf778407ec97949964021771b2b40,d368b117-5414-5c50-b434-c21cfb5f6797
531bbfb73f14f5091527b143e1fd8584,9cf6de91-da84-5074-bfca-e1f3961ed07c
5332ce4a210f19b43375dfde6ca97b08,656f5eb2-7add-5b5e-a771-c4310b4be6c9
534d689db44cdd1695c39d91c840e290,61bf8b6f-e11d-50ac-8cae-d6e6afd6f5d5
53903212487c16a0f744ff93b2053d0a,7a1fc79b-257b-587d-9691-da866766d383
540642fc3f9ca4b97b5d2c1f54bc3a63,207c913d-e57f-534b-ac8a-08e8ebf9933d
547704426230c046fe30548fe0424982,cd18797e-ccb1-5b3e-b32f-2b2aabf67d28
54af991572b421d1e5a536d1405ab07b,4581acf9-a066-5fa8-aaf4-d6edf9a3a867
54e9eefb2e359d2517acb9f06a370d2c,ebc92dc3-8983-54dd-9caa-c6f17abe0517
54f0b67641613981e02607c2d44e6110,1f7ee918-f66f-5770-90bf-ff912bd48050
54f6afc2d00a34be267163534d6fe55e,7cf9b00a-7f3d-527a-81c3-cb42eaa2be96
559f0eba4ca8df00a58d490bc9469172,5b9f3c7a-ce4f-5fde-afc7-221cd3f69ada
56133b6cbd7796e5efe846e89f6353bf,61bf8b6f-e11d-50ac-8cae-d6e6afd6f5d5
561706513004039bd12e9499d8100c12,656f5eb2-7add-5b5e-a771-c4310b4be6c9
5648d553a861ba4c4f33f28a14a15139,48a52860-1656-5303-ad23-7aa117354f8b
5653780ef095f19c04a5f5f09aff2075,5b9f3c7a-ce4f-5fde-afc7-221cd3f69ada
569aa79f525c2d76b177bf648bd0f599,61bf8b6f-e11d-50ac-8cae-d6e6afd6f5d5
56c1c045b5fc77a828b26e0552653004,7caf24f7-aaae-5cd6-8026-90cb081d8075
571b90e1f56043b2b4f83d0730aca6f3,940014f4-065e-5b01-9fbe-d4c28f766dae
573d4886690dc22dd04df7068ea01490,1f7ee918-f66f-5770-90bf-ff912bd48050
5779e607d5267b052ea4bf957385a993,93d0b666-26a5-57ab-a3dc-45f197c65e10
577e1b9bacac46c512c40740a8d47db3,940014f4-065e-5b01-9fbe-d4c28f766dae
578251f8d48f4a414a37e743affb15de,d368b117-5414-5c50-b434-c21cfb5f6797
578e66bcd030d717da1c0560ade7800e,d368b117-5414-5c50-b434-c21cfb5f6797
579ccec9860d36de95504ddbd02ae009,aab2ba34-9ec2-5c61-948e-6a10c7b18488
579e925c5f155b890b4d32ad14cae85e,7caf24f7-aaae-5cd6-8026-90cb081d8075
57cdd5aa56d3f92efc4e30134e452266,61bf8b6f-e11d-50ac-8cae-d6e6afd6f5d5
57e20151569db81ac7a78985d3810102,656f5eb2-7add-5b5e-a771-c4310b4be6c9
57f8c46b084f2fd1118b95de7001b26a,ebc92dc3-8983-54dd-9caa-c6f17abe0517
5853c4e279edae92fc978660d78c2e9a,eb873bde-1e1d-5a29-8b4c-dc02cedd1584
586bb50bc4f1490721c49594f35f4c41,b64d8288-b76d-5380-af9b-4cbfa23ffe6b
586f470ed831a28ae6b4dad0e6a988dd,cb0d8c6e-7f98-5551-ac12-dc8ac8943286
588abc2363a8b6a20e23ddb63381ada9,82cbc83b-05d1-5a93-bb60-69c8c5f9aa04
58cc9e9cf11ad2b9c3f9d2dcac62926c,8cf95311-80b8-5a28-8132-7ffb8349c482
58fac48321ce3b7fe2ba6d82c8b90c34,207c913d-e57f-534b-ac8a-08e8ebf9933d
590d6a12a9cca41555fd1159f65a2edf,656f5eb2-7add-5b5e-a771-c4310b4be6c9
59267b5755ddba62b782bd13c3f703f4,207c913d-e57f-534b-ac8a-08e8ebf9933d
595d6b0663055918185b39e1385e7e5b,9efa73fb-800e-59f7-96f1-5a1b3e9216ef
595dd966ce3ef0138a2a4534aea1e7f3,940014f4-065e-5b01-9fbe-d4c28f766dae
596739a6bf00133d41bfd74e33592b72,43b09f34-283d-5b09-84eb-a93df291c4c4
59a699a9f09deffdfcf107088f49d0bf,61bf8b6f-e11d-50ac-8cae-d6e6afd6f5d5
59b811af123abd595448a02cb4f13493,cb0d8c6e-7f98-5551-ac12-dc8ac8943286
59bd2e2f5219da1b87880862eac4bbab,75ed19ed-9b89-5f63-a2ca-193a80458317
59d53965a2cddad6cf6da1ba22a0f7ee,61bf8b6f-e11d-50ac-8cae-d6e6afd6f5d5
5a30ac34352af03999e82301356b645d,61bf8b6f-e11d-50ac-8cae-d6e6afd6f5d5
5a4045572552062e106e7a761442a440,b64d8288-b76d-5380-af9b-4cbfa23ffe6b
5ad574181a59afbf993d4832d1941c56,f5f6f585-f601-5e0c-a7bc-b9e973ed73f0
5af87e9c343e9d73cd90d8d112b59ea6,7bd73cce-a068-5c73-a8f4-0e7b5d3e847e
5b29a19645d2b054123c1ae0f3ee98c6,207c913d-e57f-534b-ac8a-08e8ebf9933d
5b36c91e81175058626e0353c80116d5,1f43fcef-df62-50b8-8069-16415d068ed7
5b45b73351ccf0c150703f84daeb9b5e,6f667981-4451-5004-a851-e42a3420ab88
5b74b07204fc780779a2494707fca902,8e859eb6-419c-5ddc-9d3c-dff1eafce995
5b782591cd2acd85442cabe9dd989bfd,656f5eb2-7add-5b5e-a771-c4310b4be6c9
5b94a203032b1203cda46c057858547d,7cf9b00a-7f3d-527a-81c3-cb42eaa2be96
5bb30832648541577285ab9aba4a1ce0,48a52860-1656-5303-ad23-7aa117354f8b
5bf8443ca604343b7373b0862f8b8396,9efa73fb-800e-59f7-96f1-5a1b3e9216ef
5c5a420a992d684ccae0eb0582dfa95e,656f5eb2-7add-5b5e-a771-c4310b4be6c9
5c648b338e4201b639a0acaf6dd2a290,611d3d52-2660-5a18-a27e-866a92ee221e
5c6b4cc4ab3a83d7007cee8f1ed08f2a,3d46b2a8-dcd5-56e3-80f3-cc19a7369651
5cd015e0a28095863c94d0e568522778,656f5eb2-7add-5b5e-a771-c4310b4be6c9
5cea1c4de883df5fec190aade07f2483,9cf6de91-da84-5074-bfca-e1f3961ed07c
5d4f9e4193e4b6c3f850ee03cb26ecc0,75ed19ed-9b89-5f63-a2ca-193a80458317
5d66144b33d02a2bd63baa30d9d2e7bd,48a52860-1656-5303-ad23-7aa117354f8b
5d71018e5648b4c5751c42f21514382e,d368b117-5414-5c50-b434-c21cfb5f6797
5d7539801889cd80e478baa8b5cf83b4,656f5eb2-7add-5b5e-a771-c4310b4be6c9
5d9bd29703ddd86a5db75a2d9bfc89b5,f5f6f585-f601-5e0c-a7bc-b9e973ed73f0
5dcdced32275b1fccfa601d77dd78027,3d46b2a8-dcd5-56e3-80f3-cc19a7369651
5e57ff2f30377d1138bde96ffc29a413,7bd73cce-a068-5c73-a8f4-0e7b5d3e847e
5e63c86f109086e36c45b653ae57776f,d368b117-5414-5c50-b434-c21cfb5f6797
5ea24f0ecc04ed5cc91b8021ac185757,ab0fd8fb-928e-585f-95d1-5a7f9983eacf
5ead378ac79e5435c791a881a93ec4d2,48a52860-1656-5303-ad23-7aa117354f8b
5ed573f05f54bcb936e535a3f6395ce9,a621bfc3-8efc-54bd-ace7-c4d50940fc7d
5f010954397498c2aaf423a7c8baf888,125e14b3-c05b-5d46-a15d-e4b86f112070
5f1955d67b36e2e129aeac2712798b39,61bf8b6f-e11d-50ac-8cae-d6e6afd6f5d5
5f3705d75ef1da1ab647a74253a7add7,48a52860-1656-5303-ad23-7aa117354f8b
5f82e0e1d542be1fb8c1671cb612e6fe,cd18797e-ccb1-5b3e-b32f-2b2aabf67d28
5f878914638ff3b91eae2fefe92331cf,656f5eb2-7add-5b5e-a771-c4310b4be6c9
5fea927c5074d8c21630d74f920bebc5,6b2ddd6b-2861-5626-b59e-9cf736ff2568
5ffa0c393cacc7cd3610a5f01f9e4278,9efa73fb-800e-59f7-96f1-5a1b3e9216ef
6025489e94163b342ba341146d079227,9cf6de91-da84-5074-bfca-e1f3961ed07c
606cf45230c9537babef6b8a604277c2,940014f4-065e-5b01-9fbe-d4c28f766dae
608ac2b971c3e616075cced43d666881,6b2ddd6b-2861-5626-b59e-9cf736ff2568
60f8a38c30d72216c4d267e9c8963fdb,82cbc83b-05d1-5a93-bb60-69c8c5f9aa04
612ac8cc1f0ece5430a8d6c8c8184685,7caf24f7-aaae-5cd6-8026-90cb081d8075
613bed9a3b42e3efadc48e851ff54151,61bf8b6f-e11d-50ac-8cae-d6e6afd6f5d5
61586df6fe206b87a1dd72cbb1b9a789,cb0d8c6e-7f98-5551-ac12-dc8ac8943286
616334c70ae60919cd0b9bb13ad7c4b9,7bd73cce-a068-5c73-a8f4-0e7b5d3e847e
616a0a37582c53dd4c0cbf662ce7f942,61bf8b6f-e11d-50ac-8cae-d6e6afd6f5d5
61c7411a264c46baa64497db5f1a9414,5b9f3c7a-ce4f-5fde-afc7-221cd3f69ada
61eb2ccc4cfd648f069000881eeefc81,7a1fc79b-257b-587d-9691-da866766d383
620a7fe24f6b8dd49812887b23b1cf41,94c995c7-3161-5b68-9185-60ec73870738
624231bada6b04da8d3aa79fb7d65e30,61bf8b6f-e11d-50ac-8cae-d6e6afd6f5d5
6263579a5eadf8d940612b460db75fce,48a52860-1656-5303-ad23-7aa117354f8b
62ee903673b960874e0ccc328a3c1da6,3d46b2a8-dcd5-56e3-80f3-cc19a7369651
63291dc3cd1d4f1db6b1e54dbc969395,ebc92dc3-8983-54dd-9caa-c6f17abe0517
635a32aa0f20db64717b0add69c76ff0,9efa73fb-800e-59f7-96f1-5a1b3e9216ef
637048ab94017a8260331757aec248e7,cf5676b3-13f1-5946-9f45-c9aa21c9bdba
63d7aeeb1b94493c4fa5af81eefd306f,7caf24f7-aaae-5cd6-8026-90cb081d8075
63e1a725b0131799914d3b71d5027112,063ce33f-b7aa-5660-a9ff-f188850a7d87
63f6ba6f0eb9ce8544a78e1acfab3243,cd18797e-ccb1-5b3e-b32f-2b2aabf67d28
6414f39e8bfc73425fdfe516cf91334d,e501fdef-3d5e-5128-b862-ad46cf063906
6420ee435c8359c2981e42b5e943f53f,897c4651-021d-5b44-a032-900b5676e247
647e947b4795ca82deda7eb703dd4af7,59b99578-e9d7-5ba7-9a9c-5a6088427a92
64869ff15b0dec891fc6082207209f50,61bf8b6f-e11d-50ac-8cae-d6e6afd6f5d5
648bbc8883b6ef7899d4be80d40096bc,ebc92dc3-8983-54dd-9caa-c6f17abe0517
64eb1c34c80d0ffadd3face7584c1b7c,ebc92dc3-8983-54dd-9caa-c6f17abe0517
64fcc092ea6aeed4ec43b8f4276ebb4b,3d46b2a8-dcd5-56e3-80f3-cc19a7369651
64fcc092ea6aeed4ec43b8f4276ebb4b,82cbc83b-05d1-5a93-bb60-69c8c5f9aa04
65134a4d8ed99f20145190b73e7bb0df,207c913d-e57f-534b-ac8a-08e8ebf9933d
651d3cdcd65027f6193619256ef9c2dc,75ed19ed-9b89-5f63-a2ca-193a80458317
65613659898678a3971c0408577e4f3d,3d46b2a8-dcd5-56e3-80f3-cc19a7369651
65613659898678a3971c0408577e4f3d,82cbc83b-05d1-5a93-bb60-69c8c5f9aa04
657289bbe8847f864cbf8f1192cc7f99,caefd6be-08dd-561f-86e2-b3b02308da81
65a9b35cda5220e72db68513f0ac6c1b,656f5eb2-7add-5b5e-a771-c4310b4be6c9
65bbe738773ad0c59943c8f52a37d4e6,611d3d52-2660-5a18-a27e-866a92ee221e
65d7ac06764782e4d7454559f981715d,eb873bde-1e1d-5a29-8b4c-dc02cedd1584
65dcf70cc96798f2231ebeb3d7cfc8b9,611d3d52-2660-5a18-a27e-866a92ee221e
65e01dd18aa2d028b48bf15ea93a30f8,7a1fc79b-257b-587d-9691-da866766d383
65e1dfaab92a91d2525ab43868c442c0,48a52860-1656-5303-ad23-7aa117354f8b
660a4185f47959f852f0d0efa844f5fe,611d3d52-2660-5a18-a27e-866a92ee221e
662f3f1c0a31195ec2a10d1de07d34cb,7caf24f7-aaae-5cd6-8026-90cb081d8075
6644806e5f02f37cc6a62b2872005b01,93d0b666-26a5-57ab-a3dc-45f197c65e10
6660bed7cd21de0e9aa6e5848dd5c470,207c913d-e57f-534b-ac8a-08e8ebf9933d
667461d4b43a6b4039eaded728feccfb,61bf8b6f-e11d-50ac-8cae-d6e6afd6f5d5
66bb0b2190c2db84bb7d6c7b9af697fb,75ed19ed-9b89-5f63-a2ca-193a80458317
66d5888ba601c3048a8d13216e6e6b44,3d46b2a8-dcd5-56e3-80f3-cc19a7369651
66d5888ba601c3048a8d13216e6e6b44,93d0b666-26a5-57ab-a3dc-45f197c65e10
66dde633012cd3ac61ee1aad4c3a8d5d,61bf8b6f-e11d-50ac-8cae-d6e6afd6f5d5
672a01e52287d85cadbb167759447118,ebc92dc3-8983-54dd-9caa-c6f17abe0517
674ca21e2f2d620fc43d0877d2721691,3d46b2a8-dcd5-56e3-80f3-cc19a7369651
674ca21e2f2d620fc43d0877d2721691,93d0b666-26a5-57ab-a3dc-45f197c65e10
67573561cc229fa5b212d4ffc7ac169d,207c913d-e57f-534b-ac8a-08e8ebf9933d
67727ee775deee3317000b61e7ecc88e,cd18797e-ccb1-5b3e-b32f-2b2aabf67d28
677bf108d25328587e8a19ed5fce7f8b,3d46b2a8-dcd5-56e3-80f3-cc19a7369651
678bc436a72b805f705d003703498a50,1c4057d8-6ee8-5c89-b45d-adc83d437048
67f6e1962956695cecffe7ef14be43b5,cd18797e-ccb1-5b3e-b32f-2b2aabf67d28
683186972591cd6055f9682a955f1c9c,9cf6de91-da84-5074-bfca-e1f3961ed07c
6845daebdc468088db545bb2ccbd01a0,43b09f34-283d-5b09-84eb-a93df291c4c4
6854956c2e7c35b333bd71c3df0f4640,7a1fc79b-257b-587d-9691-da866766d383
68628b21f1ba46616d22e7bfaf3b0623,656f5eb2-7add-5b5e-a771-c4310b4be6c9
68737ca0274dfc177f5c63c29ae7e78e,48a52860-1656-5303-ad23-7aa117354f8b
695f372130de705bb64967cfb3a35182,cd18797e-ccb1-5b3e-b32f-2b2aabf67d28
69de55fb6255379b1e5102d7f6ff8827,207c913d-e57f-534b-ac8a-08e8ebf9933d
6a203f707b424f458ef77c1cf040b486,3d46b2a8-dcd5-56e3-80f3-cc19a7369651
6a372a84c329520c31076ec2dcec590f,897c4651-021d-5b44-a032-900b5676e247
6a749da6464847c7da8ffb9324814704,207c913d-e57f-534b-ac8a-08e8ebf9933d
6ab7005f74916c28cdef7477a0293faf,8e859eb6-419c-5ddc-9d3c-dff1eafce995
6ab8149e2d4aefa405dd8cca8306fa9c,93d0b666-26a5-57ab-a3dc-45f197c65e10
6acc7d90df44ff55f14728c7d9d15924,61bf8b6f-e11d-50ac-8cae-d6e6afd6f5d5
6addbcd5e501d0df016bd2174de904ee,61bf8b6f-e11d-50ac-8cae-d6e6afd6f5d5
6afe96693ae6b1f0376bd82bf55ae101,063ce33f-b7aa-5660-a9ff-f188850a7d87
6b124bde5acf340731289da421930082,d9ad5815-06a6-5ce7-a342-cd0019412f73
6b29511d9ff5ff4cb088771038d2807b,e4a63f98-8afb-50e9-ad9a-4986fc498af9
6b32a3dcddeaae1c9c66736bb2ac169c,8cf95311-80b8-5a28-8132-7ffb8349c482
6b36d2fa5c6f8346744d1d16b3a31a98,43b09f34-283d-5b09-84eb-a93df291c4c4
6ba8b79eb7b12d80063da5aa8920179a,f5f6f585-f601-5e0c-a7bc-b9e973ed73f0
6baea0d814a1a309e87c64c81d723014,9efa73fb-800e-59f7-96f1-5a1b3e9216ef
6bf2ed834320ae5d973ee70e1a9f8d6b,7cf9b00a-7f3d-527a-81c3-cb42eaa2be96
6c19993436393ef71517c78dd038d715,43b09f34-283d-5b09-84eb-a93df291c4c4
6c1f21fae908c6749ec660b6015017bc,207c913d-e57f-534b-ac8a-08e8ebf9933d
6c3c49f619a87ce8b19e487dfffcd9a5,ebc92dc3-8983-54dd-9caa-c6f17abe0517
6c45d2e6b7dd630e226f421c7d8ce723,6f667981-4451-5004-a851-e42a3420ab88
6c4cba979cc1067265410990c85e5b10,9efa73fb-800e-59f7-96f1-5a1b3e9216ef
6c532edf82766e85a9f5435d801513f6,d368b117-5414-5c50-b434-c21cfb5f6797
6c58f063c8e6fed0f855cb9751609bc8,93d0b666-26a5-57ab-a3dc-45f197c65e10
6c599da16f26aa68ea03d3abffc12dc8,9efa73fb-800e-59f7-96f1-5a1b3e9216ef
6c76144ca5908d7e78b0366c27897889,b3f1cee9-dc86-5d92-ae5e-b375141a3dde
6cb4e6ffa2367711198d65f2f4f92fb6,656f5eb2-7add-5b5e-a771-c4310b4be6c9
6cdb92ea2964ca11b66f83b09b3c9ef5,48a52860-1656-5303-ad23-7aa117354f8b
6ce31a8dd69241ec7406e9e1b790ebad,207c913d-e57f-534b-ac8a-08e8ebf9933d
6ce31a8dd69241ec7406e9e1b790ebad,43b09f34-283d-5b09-84eb-a93df291c4c4
6cea526f49e1014b920cbfaf90465520,656f5eb2-7add-5b5e-a771-c4310b4be6c9
6d01e6deabe7c97aa84e8cac554d7c31,a621bfc3-8efc-54bd-ace7-c4d50940fc7d
6d0cf98f04214ec1ab4ec6110fa00d4c,3d46b2a8-dcd5-56e3-80f3-cc19a7369651
6d0cf98f04214ec1ab4ec6110fa00d4c,82cbc83b-05d1-5a93-bb60-69c8c5f9aa04
6d52d9b6b4e02ad81f3d3ed951fd0c48,14e13c91-19dc-5501-978c-2729a8ef67eb
6db6a70a00e902d13bd5a71e3fb03031,5b9f3c7a-ce4f-5fde-afc7-221cd3f69ada
6de9bf755abf3a75a96ba877e0c9140e,656f5eb2-7add-5b5e-a771-c4310b4be6c9
6e184810936dccacb97bf92590098441,656f5eb2-7add-5b5e-a771-c4310b4be6c9
6e57eb3fd7adf10d1ea7ee146d9682ec,7a1fc79b-257b-587d-9691-da866766d383
6e6fbd0364c2dbf043570779852fc4b4,43b09f34-283d-5b09-84eb-a93df291c4c4
6eb28e61cbbbce9d1a7332ed4a4f3db5,3d46b2a8-dcd5-56e3-80f3-cc19a7369651
6eb28e61cbbbce9d1a7332ed4a4f3db5,93d0b666-26a5-57ab-a3dc-45f197c65e10
6ec090e202f5517d512594abc1470006,3d46b2a8-dcd5-56e3-80f3-cc19a7369651
6f245ebe9e38b47b06e8171d108a062b,3d46b2a8-dcd5-56e3-80f3-cc19a7369651
6f245ebe9e38b47b06e8171d108a062b,82cbc83b-05d1-5a93-bb60-69c8c5f9aa04
6f32defe1add912de71694e1c0003aae,8e859eb6-419c-5ddc-9d3c-dff1eafce995
6f7d92e93bcfaf09a004d0e3c9e985d0,7caf24f7-aaae-5cd6-8026-90cb081d8075
6fd3713687c0778f9deab1d080eb7aa3,e4a63f98-8afb-50e9-ad9a-4986fc498af9
6fff7e58faf2723520cad5ce7b7cefae,6f667981-4451-5004-a851-e42a3420ab88
70252d876fe9f2a50067c27dae19c984,611d3d52-2660-5a18-a27e-866a92ee221e
70547d9ed4903737f357fcdb190469d8,3d46b2a8-dcd5-56e3-80f3-cc19a7369651
709e55342a5646a3f04a7faef5037ad0,eb873bde-1e1d-5a29-8b4c-dc02cedd1584
70a184eda9f35c14bba2071a28166158,6f667981-4451-5004-a851-e42a3420ab88
710a6d68c70c99d09dd3b6074b815f64,93d0b666-26a5-57ab-a3dc-45f197c65e10
712552e5207b50b6e6fe7f27c0b9a297,cb0d8c6e-7f98-5551-ac12-dc8ac8943286
71402c4a8e21b2f986fbccd89e015ed1,43b09f34-283d-5b09-84eb-a93df291c4c4
7140a5810a76b6069c9ae9e59328dd95,61bf8b6f-e11d-50ac-8cae-d6e6afd6f5d5
714826c75564673a8e331c12662cf38f,1f7ee918-f66f-5770-90bf-ff912bd48050
723c74f72463e00050d2b883673c1bba,ab0fd8fb-928e-585f-95d1-5a7f9983eacf
72661938293560dcdb0cc85931a80cb6,1f43fcef-df62-50b8-8069-16415d068ed7
72c4bbf1db52171a0d1e1b91673204fa,5b9f3c7a-ce4f-5fde-afc7-221cd3f69ada
72e199a28d6d4df0cf138ba5091246da,656f5eb2-7add-5b5e-a771-c4310b4be6c9
72e7ea77a07a2dc220802788c34791ad,61bf8b6f-e11d-50ac-8cae-d6e6afd6f5d5
734ebdfbe95e99341b39747e6b999f83,875094b8-c444-56b7-9af6-4524d0de89cc
735284b85933cdf8d87bd4587eb29996,4581acf9-a066-5fa8-aaf4-d6edf9a3a867
7356bb71946f9ecfab6d8074af04c99f,93d0b666-26a5-57ab-a3dc-45f197c65e10
737189587d387fbc4c332126e8d26fed,6f667981-4451-5004-a851-e42a3420ab88
7377ad07c2e28c1a9b0754719bd77a61,7a1fc79b-257b-587d-9691-da866766d383
7401eeaac7959c2013eb675456649dd7,207c913d-e57f-534b-ac8a-08e8ebf9933d
7401eeaac7959c2013eb675456649dd7,897c4651-021d-5b44-a032-900b5676e247
74466299e01eb3c79a3180294c51138f,7bd73cce-a068-5c73-a8f4-0e7b5d3e847e
74aff6309f0f1a1b60bad852bb197060,cf5676b3-13f1-5946-9f45-c9aa21c9bdba
74f36276716a4e18cbd591ecfa0ea2e3,897c4651-021d-5b44-a032-900b5676e247
751c8a369f5af078ae91a8eb7238af72,6b2ddd6b-2861-5626-b59e-9cf736ff2568
752f9a47ba6e50586999a1d783bfb5e9,eb873bde-1e1d-5a29-8b4c-dc02cedd1584
756b2f190dacaef39649606489c6641e,7cf9b00a-7f3d-527a-81c3-cb42eaa2be96
758b5e92ed2ba2eef1e63bc6ccfc3740,8cf95311-80b8-5a28-8132-7ffb8349c482
7594877f17f91df80a409545faadaa27,7cf9b00a-7f3d-527a-81c3-cb42eaa2be96
75accead97fef85492052201763fe895,897c4651-021d-5b44-a032-900b5676e247
75c0cf9f74115b377b5ded6e4faa34fb,cd18797e-ccb1-5b3e-b32f-2b2aabf67d28
75d4f064df282c3096e09ed7957d7e53,7bd73cce-a068-5c73-a8f4-0e7b5d3e847e
761abaee63b30c8f8dbd0a60c4738d37,d368b117-5414-5c50-b434-c21cfb5f6797
763e4cbab3ef16bce5ec951d3ee5f8c9,9efa73fb-800e-59f7-96f1-5a1b3e9216ef
768038c2b558c5d374fecb931430037f,14e13c91-19dc-5501-978c-2729a8ef67eb
76b47f603c4e5f88e3d83c89b55faf9d,1f43fcef-df62-50b8-8069-16415d068ed7
76f4c67500b3284c467640e27cccecb0,93d0b666-26a5-57ab-a3dc-45f197c65e10
770f3fa45ba99e68745338282f30860c,940014f4-065e-5b01-9fbe-d4c28f766dae
773f13653ff7e113ddd109e4353afe96,7cf9b00a-7f3d-527a-81c3-cb42eaa2be96
77449e94a92adfe70bb9ba55ad3f8f51,cd18797e-ccb1-5b3e-b32f-2b2aabf67d28
7764576307e383c45e59224fda491a3f,b64d8288-b76d-5380-af9b-4cbfa23ffe6b
7786e6b5f95cea4b98c446ce7e383e2e,48a52860-1656-5303-ad23-7aa117354f8b
77927d14e78a1b83bc4dc5f87dbd20f0,656f5eb2-7add-5b5e-a771-c4310b4be6c9
77c2f4a7b995211fc3725c4eec4c8f8f,ebc92dc3-8983-54dd-9caa-c6f17abe0517
77da8984618fb797766e8d61989edb64,611d3d52-2660-5a18-a27e-866a92ee221e
7828b81f60eba82cd573ca75a529ec2f,8975ee88-1a24-52cc-8c39-74ddf2741efb
78401f82d45a1ed326dcc24304ab32b1,4eed77fa-9767-536f-8fef-728b06ae1cb3
78401f82d45a1ed326dcc24304ab32b1,eb873bde-1e1d-5a29-8b4c-dc02cedd1584
78644a2662ad3fa381fca23adc50d2ca,207c913d-e57f-534b-ac8a-08e8ebf9933d
788c9775014b7052ccbae052a4a65b74,14e13c91-19dc-5501-978c-2729a8ef67eb
78b31ca59311fbafa8a879d761057958,3d46b2a8-dcd5-56e3-80f3-cc19a7369651
78cfe41f59ac01aeffdb672f70a273bb,7cf9b00a-7f3d-527a-81c3-cb42eaa2be96
78e26c88828c142eb865cc0905d5878d,ebc92dc3-8983-54dd-9caa-c6f17abe0517
78f97d278e04b20fdb491855bf684f97,61bf8b6f-e11d-50ac-8cae-d6e6afd6f5d5
7933f7234cd5fdf83e9004c1ad12acdb,7caf24f7-aaae-5cd6-8026-90cb081d8075
79397940d8e6c22374d3f779c7f8251f,61bf8b6f-e11d-50ac-8cae-d6e6afd6f5d5
79779695595d495cebd0fcb481e103a1,eb873bde-1e1d-5a29-8b4c-dc02cedd1584
7a441882ae73d54825f986ce31dd9f9a,43b09f34-283d-5b09-84eb-a93df291c4c4
7a7c86d315ee521713970d9d14bcf610,940014f4-065e-5b01-9fbe-d4c28f766dae
7a819317f4e5c089112640261fafdc18,207c913d-e57f-534b-ac8a-08e8ebf9933d
7a819317f4e5c089112640261fafdc18,d368b117-5414-5c50-b434-c21cfb5f6797
7a862c109e99dec2da911583d5de529e,e501fdef-3d5e-5128-b862-ad46cf063906
7a98f5a3702f2d73509b7a651343af55,43b09f34-283d-5b09-84eb-a93df291c4c4
7a9abed6dab7e83b9ed064f4a1848020,8b4993d6-5ab8-5280-bfaa-f37bd2e53bd6
7a9eed65d1355fcc683bfaa627c6e274,d368b117-5414-5c50-b434-c21cfb5f6797
7aa3e224a02b95dacf5526de291132cc,9cf6de91-da84-5074-bfca-e1f3961ed07c
7aa9dcb94aaa34edd70f50b8766691fb,4eed77fa-9767-536f-8fef-728b06ae1cb3
7ae41b409b6292d2f4a786b108bedcdc,656f5eb2-7add-5b5e-a771-c4310b4be6c9
7b150c7cc36d351f93b4a540a6bd0544,8e859eb6-419c-5ddc-9d3c-dff1eafce995
7b4667981549ef9178ce549a8156d400,7cf9b00a-7f3d-527a-81c3-cb42eaa2be96
7b7929a09e6756da4750fe924b3e9fc1,bf15ec86-d80c-5067-8f63-4c2f4186cda3
7b8542dd3b28179d9dc16f7b6842eed7,8b4993d6-5ab8-5280-bfaa-f37bd2e53bd6
7b9cc0e9c89a43921ab57726b1d18542,61bf8b6f-e11d-50ac-8cae-d6e6afd6f5d5
7bc6ac36aa49d3ad8438542103bd4e2c,e4a63f98-8afb-50e9-ad9a-4986fc498af9
7ca84f8c0f69ddeec36277f8a549a5fc,b64d8288-b76d-5380-af9b-4cbfa23ffe6b
7cccdbecb9c5fa45db1833eb48cb3529,eb873bde-1e1d-5a29-8b4c-dc02cedd1584
7d0d3b094c5f668d50480bb80751e6c7,ab0fd8fb-928e-585f-95d1-5a7f9983eacf
7dec06a492d20bc714a1105ec2b99914,eb873bde-1e1d-5a29-8b4c-dc02cedd1584
7e1dc8fe6397406b60d4e5581c904ac8,43b09f34-283d-5b09-84eb-a93df291c4c4
7e21f50fc2e5cfded077ffbe26b240ef,d368b117-5414-5c50-b434-c21cfb5f6797
7e357a59d01ab5fc43df4a5deafa8b00,9efa73fb-800e-59f7-96f1-5a1b3e9216ef
7e48a2a77717e0ba13445dea898a4471,75ed19ed-9b89-5f63-a2ca-193a80458317
7e4b45c72cd5959532203432836ed4eb,7a1fc79b-257b-587d-9691-da866766d383
7e67e9c636fbf76e75d9a8d1d627ec24,940014f4-065e-5b01-9fbe-d4c28f766dae
7e6d3fc53c6b003461eee842ed33434f,9cf6de91-da84-5074-bfca-e1f3961ed07c
7e72d483768dde78d5f6c891db1bc590,b021c858-4e87-550d-adc4-b56553cc8004
7e93362100483161fe518a138382d1c1,875094b8-c444-56b7-9af6-4524d0de89cc
7ea8241969bbd1839c291838439a41af,897c4651-021d-5b44-a032-900b5676e247
7eef0f9e5772b88db28d447ada558299,7cf9b00a-7f3d-527a-81c3-cb42eaa2be96
7f5c867a7ce8733b0c784ee57415897f,61bf8b6f-e11d-50ac-8cae-d6e6afd6f5d5
7f659919963a9ecd3b65dd179676ff6d,6b2ddd6b-2861-5626-b59e-9cf736ff2568
7f6abe78a54ee0390a06374a247d8a27,93d0b666-26a5-57ab-a3dc-45f197c65e10
7f6bfbcb77d9e6c0b3dda9033305c95f,656f5eb2-7add-5b5e-a771-c4310b4be6c9
7f93c19f224f76a6d572ab7189a827e5,5b9f3c7a-ce4f-5fde-afc7-221cd3f69ada
7fce2a302342624fcf449dd7d13c488d,ebc92dc3-8983-54dd-9caa-c6f17abe0517
807f12a0e68fc24f55ec8f0dc20a1eaa,656f5eb2-7add-5b5e-a771-c4310b4be6c9
80ccdf5f66a9f7857407ad09e91215d4,8e859eb6-419c-5ddc-9d3c-dff1eafce995
80cfc6212675303d6c495e2bcdcb834f,61bf8b6f-e11d-50ac-8cae-d6e6afd6f5d5
816e9ce844f2f983118bf688377635b6,3d46b2a8-dcd5-56e3-80f3-cc19a7369651
816e9ce844f2f983118bf688377635b6,93d0b666-26a5-57ab-a3dc-45f197c65e10
81b94a57d16a3d88d30b087aba0db3bf,656f5eb2-7add-5b5e-a771-c4310b4be6c9
81f9c79d094453b69ef64a8a7fa8b422,94be8f0c-229d-5120-8ec3-4a4b2eb759d2
822949bfaefdd09ff0feff63cc1ae7e9,7caf24f7-aaae-5cd6-8026-90cb081d8075
822bb5aefd71bbf88244e93a43298e78,611d3d52-2660-5a18-a27e-866a92ee221e
823063c89c6c5525e27e9660fdd46df7,7caf24f7-aaae-5cd6-8026-90cb081d8075
8236b45426be86db56909877cd6301d4,cd18797e-ccb1-5b3e-b32f-2b2aabf67d28
8242f3936a458655b3e197b67f3db963,94c995c7-3161-5b68-9185-60ec73870738
8274010a180ff0dc5e362cef20033480,9efa73fb-800e-59f7-96f1-5a1b3e9216ef
829114e8c5224d51e39b5465e2ed4517,ab0fd8fb-928e-585f-95d1-5a7f9983eacf
8294b7ebbfdd739f9a7d4d26e876c511,207c913d-e57f-534b-ac8a-08e8ebf9933d
82a0c992d163eb47573284284b854ddf,8e859eb6-419c-5ddc-9d3c-dff1eafce995
82d17c2b4c4803ee2e8769f92b78fc6d,063ce33f-b7aa-5660-a9ff-f188850a7d87
82e5f66126506ce14dc9e211f3dd6f04,94be8f0c-229d-5120-8ec3-4a4b2eb759d2
837aeeda92003a150e47d976b8b03432,4581acf9-a066-5fa8-aaf4-d6edf9a3a867
8383f0ac0f05642ebabc61413a6406ec,94c995c7-3161-5b68-9185-60ec73870738
83862441054006a31c1efc8c1b923e4c,3d46b2a8-dcd5-56e3-80f3-cc19a7369651
83c7e68018f79af72f092792ae6882ae,d368b117-5414-5c50-b434-c21cfb5f6797
8401f86adece49803423bebd35bd0c77,43b09f34-283d-5b09-84eb-a93df291c4c4
847feedddd4c8c2b5263e7c2b043f662,656f5eb2-7add-5b5e-a771-c4310b4be6c9
84a8d2b6ab9740b5535d13ee427d29c2,61bf8b6f-e11d-50ac-8cae-d6e6afd6f5d5
84ba9ce3de77ff3f190667c36278fe88,207c913d-e57f-534b-ac8a-08e8ebf9933d
84d146bee5591c0156a811575a6fe984,207c913d-e57f-534b-ac8a-08e8ebf9933d
84d2335221c633ea9d0749fcc8a62a82,b64d8288-b76d-5380-af9b-4cbfa23ffe6b
84d83c017d9e42766ce3f289d5732c00,43b09f34-283d-5b09-84eb-a93df291c4c4
84e0f410010e4fdf75f4d3324752d44d,1f43fcef-df62-50b8-8069-16415d068ed7
84e61c36e1f795632c8055a241b1adc7,48a52860-1656-5303-ad23-7aa117354f8b
84f2100e9d8f133a05ee71d22f6539fa,43b09f34-283d-5b09-84eb-a93df291c4c4
8525d8df6299924ca67529a1dd26ed00,207c913d-e57f-534b-ac8a-08e8ebf9933d
8531a8b96c8f658fd1c4057397dc3fa1,656f5eb2-7add-5b5e-a771-c4310b4be6c9
85588357cf314eb67c9f23bf6a723df7,8e859eb6-419c-5ddc-9d3c-dff1eafce995
85d7891b871a686f41ea6f5ed4d3f4bc,61bf8b6f-e11d-50ac-8cae-d6e6afd6f5d5
8602be14c4a48ad53b0c8b62bfdc33bc,3d46b2a8-dcd5-56e3-80f3-cc19a7369651
860ea3d2ac8db6ae2d43e5f7019f1c4f,656f5eb2-7add-5b5e-a771-c4310b4be6c9
861330c225f82155a7bafab8952c5616,cb0d8c6e-7f98-5551-ac12-dc8ac8943286
862296e99ecc95d9d109d5a939c61038,7cf9b00a-7f3d-527a-81c3-cb42eaa2be96
862b5aeba87f8c2893de3509c3fcb262,93d0b666-26a5-57ab-a3dc-45f197c65e10
865fc18b56235cd4c9de24bd37a72a04,61bf8b6f-e11d-50ac-8cae-d6e6afd6f5d5
869a7ffb15a01ac9358bf11e37992fcf,48a52860-1656-5303-ad23-7aa117354f8b
86b31370a8895f93c925e96e6df62a02,caefd6be-08dd-561f-86e2-b3b02308da81
86c03cb3d617d52bef0ec22ed48599be,897c4651-021d-5b44-a032-900b5676e247
86ca2a794207c59cc0068e155340b90e,6b2ddd6b-2861-5626-b59e-9cf736ff2568
877357035389fa6b30f146b7e7f2fe31,7caf24f7-aaae-5cd6-8026-90cb081d8075
877c3a4bb054f4a5720a0837116054d1,9cf6de91-da84-5074-bfca-e1f3961ed07c
87af3c57cd5976bbaa86f3e4eefa4c82,48a52860-1656-5303-ad23-7aa117354f8b
88da8d535c43cde94e3c74e292f130de,93d0b666-26a5-57ab-a3dc-45f197c65e10
88ee4abdb4e81bb6b07d03bd41f8125e,7caf24f7-aaae-5cd6-8026-90cb081d8075
88f5fe3b28bba16ad9ec1b082efda5cf,eb873bde-1e1d-5a29-8b4c-dc02cedd1584
88fb9e458f44d485f13cf9cf5012b49f,1f43fcef-df62-50b8-8069-16415d068ed7
8946a21d914a4ee32c992178ea1e98f0,93d0b666-26a5-57ab-a3dc-45f197c65e10
894c62ea237db47e830d9dc585cda2d5,ebc92dc3-8983-54dd-9caa-c6f17abe0517
8956d0fae08c396230b2502e4eecc9c1,656f5eb2-7add-5b5e-a771-c4310b4be6c9
897206bc3a000825cfc8d20370220f46,7caf24f7-aaae-5cd6-8026-90cb081d8075
8979646673cead8eecd241082d4af601,7caf24f7-aaae-5cd6-8026-90cb081d8075
898c7cabdc491246c1e7d29303312bc2,4eed77fa-9767-536f-8fef-728b06ae1cb3
898dfd78e9a02fcb3f63033d64929ad4,e4a63f98-8afb-50e9-ad9a-4986fc498af9
89ee61518be15a250e1c47b626078e97,207c913d-e57f-534b-ac8a-08e8ebf9933d
89f0b1fe713c2f7b9e086df10e432399,9efa73fb-800e-59f7-96f1-5a1b3e9216ef
8a2286a8a4aea06a590792339f997634,4eed77fa-9767-536f-8fef-728b06ae1cb3
8a31458a99e3137f43b48f5e580f2788,7bd73cce-a068-5c73-a8f4-0e7b5d3e847e
8a48086b3b0e1d6bfcc17d0e1890a408,7caf24f7-aaae-5cd6-8026-90cb081d8075
8a49080116762a9f3590c094de9bb927,656f5eb2-7add-5b5e-a771-c4310b4be6c9
8a6321c7ce2ae96117559e44a4b73220,48a52860-1656-5303-ad23-7aa117354f8b
8a6c65aad35decc9c16deb58f3cda5cb,43b09f34-283d-5b09-84eb-a93df291c4c4
8a94286abfba879e2792ec2766c3c372,61bf8b6f-e11d-50ac-8cae-d6e6afd6f5d5
8b0a2fd3daece61de9334ef06384a5f8,d368b117-5414-5c50-b434-c21cfb5f6797
8b16f9b75b6e335ab58c25f18264512d,b64d8288-b76d-5380-af9b-4cbfa23ffe6b
8b248c07a7097dd0795b63f85b44315e,bf15ec86-d80c-5067-8f63-4c2f4186cda3
8bd9d4ba239eb6c86330a28bb8efb9db,cf5676b3-13f1-5946-9f45-c9aa21c9bdba
8c0b7ac9464ce97948ae70f40a929a22,93d0b666-26a5-57ab-a3dc-45f197c65e10
8c216cd8f1acfe3b7ba045eab6aebf1e,caefd6be-08dd-561f-86e2-b3b02308da81
8c34111906cadcc87cd903a46ff53a28,656f5eb2-7add-5b5e-a771-c4310b4be6c9
8c3bab92fd7c04013a63f1fd14947845,940014f4-065e-5b01-9fbe-d4c28f766dae
8c7a6a0fc7ef40d400b796507d365ed7,940014f4-065e-5b01-9fbe-d4c28f766dae
8ca9bd65692e1b2c8c3ba9b4dd2cad75,8cf95311-80b8-5a28-8132-7ffb8349c482
8d1aa7b61840df25f0e9bdf666ee944c,da83550d-5287-5e4b-8325-fdcd93e5018e
8d446044981a645c173f4f6f8fbaa8f8,125e14b3-c05b-5d46-a15d-e4b86f112070
8d4d8fc2cb390b40f495c065e9cb8d35,d368b117-5414-5c50-b434-c21cfb5f6797
8d84bd3348884f08e29086f0f608e8c1,897c4651-021d-5b44-a032-900b5676e247
8dc8a703b635a935ec87f9eeedc85a88,7cf9b00a-7f3d-527a-81c3-cb42eaa2be96
8e3ddb175626ba8a9c211098d26b47c1,48a52860-1656-5303-ad23-7aa117354f8b
8e7f01c8981fb43f2e483a31ce967c2e,611d3d52-2660-5a18-a27e-866a92ee221e
8e9735a03a4023c2d161398b7889d83a,1f7ee918-f66f-5770-90bf-ff912bd48050
8ec8e13c60d329eb1ff2d8bc0c679eba,1c4057d8-6ee8-5c89-b45d-adc83d437048
8ee6a6d429c4f07559f07fec795c0459,bf15ec86-d80c-5067-8f63-4c2f4186cda3
8ef8b0bc4b160a6e01e292ebe6c53de4,8cf95311-80b8-5a28-8132-7ffb8349c482
8f0675b1939b99b4ca8de04054db4269,656f5eb2-7add-5b5e-a771-c4310b4be6c9
8f41c749c277311f95e55187fe46e74a,9cf6de91-da84-5074-bfca-e1f3961ed07c
8fcc2377fd8373a3c240ca69a26e3f43,eb873bde-1e1d-5a29-8b4c-dc02cedd1584
8ffd0c3faf36804aab9a5a8bd249249e,063ce33f-b7aa-5660-a9ff-f188850a7d87
905940a780a009edd7b226d48ad3e02b,656f5eb2-7add-5b5e-a771-c4310b4be6c9
90ba348cde925ae245d99485f8b6b97d,207c913d-e57f-534b-ac8a-08e8ebf9933d
90ba348cde925ae245d99485f8b6b97d,897c4651-021d-5b44-a032-900b5676e247
90d5efb0d6358f3f90af6a42995f1f95,caefd6be-08dd-561f-86e2-b3b02308da81
90f6535f6b4ca369355ec555b501d46b,eb873bde-1e1d-5a29-8b4c-dc02cedd1584
9101c81505907e836a2f0bb42f6cd9f6,611d3d52-2660-5a18-a27e-866a92ee221e
912000949a88919e285e80fa0118cc84,d368b117-5414-5c50-b434-c21cfb5f6797
9121f4ead947ea75e72303a5eaec17ad,125e14b3-c05b-5d46-a15d-e4b86f112070
91259ab7d5b80e3e22541b88855f8473,207c913d-e57f-534b-ac8a-08e8ebf9933d
916ce8623dce632f0fb78ef92cc3ffa3,656f5eb2-7add-5b5e-a771-c4310b4be6c9
9180a3ef490369b6e824461945ddc3c8,ebc92dc3-8983-54dd-9caa-c6f17abe0517
91a847451f4a5630020769e46038ff83,7a1fc79b-257b-587d-9691-da866766d383
921d88219dcf0252d74712c0c856f7e2,43b09f34-283d-5b09-84eb-a93df291c4c4
922cfd5ceb69c67ae98c054efba2c257,93d0b666-26a5-57ab-a3dc-45f197c65e10
9232a9781d8cb4f41f5785fe194768b9,6f667981-4451-5004-a851-e42a3420ab88
924afc871a4ba6bddf6c56699caed6eb,628d1b77-562f-5511-aa4b-e858e3c8527f
9250b03c252f5e0e50252c48ae9af121,61bf8b6f-e11d-50ac-8cae-d6e6afd6f5d5
92a55af52a7fd7f8d5f0156743374be9,3d46b2a8-dcd5-56e3-80f3-cc19a7369651
92a55af52a7fd7f8d5f0156743374be9,93d0b666-26a5-57ab-a3dc-45f197c65e10
92ed290a98be04edf9dd43ad2ebed1e2,4581acf9-a066-5fa8-aaf4-d6edf9a3a867
92f11124ef38a688c44a1fa436ec0ac2,e501fdef-3d5e-5128-b862-ad46cf063906
937a50fc419dba0f5d90b3ff2b99d4f2,125e14b3-c05b-5d46-a15d-e4b86f112070
938eb6a3d7148d99127b9a3b439b88f1,9efa73fb-800e-59f7-96f1-5a1b3e9216ef
93b146d21d3bdc8635836f8a11ba62b9,9cf6de91-da84-5074-bfca-e1f3961ed07c
93b63aad46813a99f4b22f1a16bc55fa,7cf9b00a-7f3d-527a-81c3-cb42eaa2be96
93e21f7041ebcbcddfee808e502e9905,48a52860-1656-5303-ad23-7aa117354f8b
94855a143224c28ced779e0c6132703c,7caf24f7-aaae-5cd6-8026-90cb081d8075
94cc41fdb975e22d4afed7c44f13def1,d368b117-5414-5c50-b434-c21cfb5f6797
9500418cfe4dc97e49de21bd79def6f7,940014f4-065e-5b01-9fbe-d4c28f766dae
950691c07e94a6061d417b9297a0454e,7bd73cce-a068-5c73-a8f4-0e7b5d3e847e
951f9fdd859437187d122528f4d24d12,61bf8b6f-e11d-50ac-8cae-d6e6afd6f5d5
9569076e962ebc7c9903f95bf48095a3,7bd73cce-a068-5c73-a8f4-0e7b5d3e847e
9574b04f4ea5c6d564145f71cf370cec,d368b117-5414-5c50-b434-c21cfb5f6797
95a2a4602ade9de69b1ee82e5f6b2982,8e859eb6-419c-5ddc-9d3c-dff1eafce995
95eeebc8f5c14256c365fabf480f9bfe,7bd73cce-a068-5c73-a8f4-0e7b5d3e847e
961b6142a0d3e1f73a08a2c48c560756,43b09f34-283d-5b09-84eb-a93df291c4c4
964f8bb634b5683b0d42abb47c8c07f8,3d46b2a8-dcd5-56e3-80f3-cc19a7369651
964f8bb634b5683b0d42abb47c8c07f8,93d0b666-26a5-57ab-a3dc-45f197c65e10
96c039c17714ad3754d40708b4ba10a9,43b09f34-283d-5b09-84eb-a93df291c4c4
96c7a47dde3e30a7eb3cea961207a540,9cf6de91-da84-5074-bfca-e1f3961ed07c
96fecddc4f3f77da5a23f91de5c84cb8,940014f4-065e-5b01-9fbe-d4c28f766dae
9723a3624c044b60bba5f57e4245bd68,656f5eb2-7add-5b5e-a771-c4310b4be6c9
97436ce186c559739a33c0454f03f0fa,d368b117-5414-5c50-b434-c21cfb5f6797
9777893bac25bf7d42e87e99c42abd00,9efa73fb-800e-59f7-96f1-5a1b3e9216ef
979b471af79060d06394a6fad4184a4a,cd18797e-ccb1-5b3e-b32f-2b2aabf67d28
979fe6723f5b23f5286f9c30190fbe8b,8b4993d6-5ab8-5280-bfaa-f37bd2e53bd6
97a6f52af32557fd7c155bd4c179dba0,9efa73fb-800e-59f7-96f1-5a1b3e9216ef
97c197c38feda7e67cbc76bdc8cb9073,897c4651-021d-5b44-a032-900b5676e247
98129e00ff640602acd28155e1029f3f,cd18797e-ccb1-5b3e-b32f-2b2aabf67d28
98188bdca32ca70dcb49c9e83c7ec2fa,9cf6de91-da84-5074-bfca-e1f3961ed07c
98194bd32ae6589b486e9fb77283e296,656f5eb2-7add-5b5e-a771-c4310b4be6c9
9830e14e10b34829100601c6401e4985,61bf8b6f-e11d-50ac-8cae-d6e6afd6f5d5
9842ce7ac1bf1c1933d9b0e564c172c0,4581acf9-a066-5fa8-aaf4-d6edf9a3a867
98528024711b586cd24c93ef6b0b43be,656f5eb2-7add-5b5e-a771-c4310b4be6c9
9873597295e480c527fe0bb2e08032b6,940014f4-065e-5b01-9fbe-d4c28f766dae
98c1bc6e421454f978d65136175040ea,3d46b2a8-dcd5-56e3-80f3-cc19a7369651
98c1bc6e421454f978d65136175040ea,93d0b666-26a5-57ab-a3dc-45f197c65e10
98dd292e2b1729f9d45fe1e08bf67461,656f5eb2-7add-5b5e-a771-c4310b4be6c9
9916c7852d4b82cf2d75afc3b24472c8,43b09f34-283d-5b09-84eb-a93df291c4c4
99217ca94a7ca3f7d47c2b1cd8ef15d1,48a52860-1656-5303-ad23-7aa117354f8b
9947b154ea52b2b43fb1a00a10a033ea,940014f4-065e-5b01-9fbe-d4c28f766dae
998fad37e6d8c07b77142fb9c7d49d89,94be8f0c-229d-5120-8ec3-4a4b2eb759d2
99d015d7da62f0a1d6085a26a8b46d1f,656f5eb2-7add-5b5e-a771-c4310b4be6c9
99f7e28d204c5782a5efa8f08d90b24a,43b09f34-283d-5b09-84eb-a93df291c4c4
9a14f175407af364ab81d335ea653626,7cf9b00a-7f3d-527a-81c3-cb42eaa2be96
9a4873566af2e5d3010e52f83994daba,eb873bde-1e1d-5a29-8b4c-dc02cedd1584
9add0acc1dbaa245597e50581d853497,61bf8b6f-e11d-50ac-8cae-d6e6afd6f5d5
9b6816da7f40f4107f25371410e6afef,61bf8b6f-e11d-50ac-8cae-d6e6afd6f5d5
9b9aa0b753b21ee731fb0852ff618e1e,611d3d52-2660-5a18-a27e-866a92ee221e
9b9cdf50a1d80f2ae7632ad21ae04620,7caf24f7-aaae-5cd6-8026-90cb081d8075
9ba548f341b322e0f2ce2e4224c5a343,ebc92dc3-8983-54dd-9caa-c6f17abe0517
9c0732ccc405fe0414f437591ef78f99,628d1b77-562f-5511-aa4b-e858e3c8527f
9c273ff97762d2dfc35d6abcbf991818,82cbc83b-05d1-5a93-bb60-69c8c5f9aa04
9c33bb43a06e185dd37589899c8068d8,7caf24f7-aaae-5cd6-8026-90cb081d8075
9c48891864d22a9090fa8c5844f970d1,9cf6de91-da84-5074-bfca-e1f3961ed07c
9c97bc5de13f4bf4ac16257893ce21b2,7a1fc79b-257b-587d-9691-da866766d383
9ca42eb6d2ae31f78511504aaa1ae631,b3f1cee9-dc86-5d92-ae5e-b375141a3dde
9ccceb3a6dbf301e4f40e0b2afacb0a3,7caf24f7-aaae-5cd6-8026-90cb081d8075
9cee5bbbfe42c3212c1cbbf3e6ec806f,4581acf9-a066-5fa8-aaf4-d6edf9a3a867
9d39ed8f31997d49ed2ac601e991fb90,656f5eb2-7add-5b5e-a771-c4310b4be6c9
9d54ff947d9136d14ed210131db020f6,6f667981-4451-5004-a851-e42a3420ab88
9d6a8c3237d3b0e29cf6b10d841c96a3,7bd73cce-a068-5c73-a8f4-0e7b5d3e847e
9dbcf36ff6dc47b08788e8956ee745bf,207c913d-e57f-534b-ac8a-08e8ebf9933d
9dbcf36ff6dc47b08788e8956ee745bf,897c4651-021d-5b44-a032-900b5676e247
9dca2a92ab82bd8f40528617a655eb21,e4a63f98-8afb-50e9-ad9a-4986fc498af9
9dd6d86cde1da7a98cbf602ec1de2d28,656f5eb2-7add-5b5e-a771-c4310b4be6c9
9e0069857794230a46415b1cc624540d,48a52860-1656-5303-ad23-7aa117354f8b
9e09ab40dcba7e440dd4e168844f5228,cd18797e-ccb1-5b3e-b32f-2b2aabf67d28
9e430844e93375ebb5340687237080ac,9efa73fb-800e-59f7-96f1-5a1b3e9216ef
9e79531cb81194a097cd8cbae67dfdc4,7a1fc79b-257b-587d-9691-da866766d383
9ebd8af2f2cad73e9c957677032ec7c6,940014f4-065e-5b01-9fbe-d4c28f766dae
9ed722a3e5bb5e02efe9953d5cb98e92,93d0b666-26a5-57ab-a3dc-45f197c65e10
9ef7acce4ad347d40450514612fc9020,8cf95311-80b8-5a28-8132-7ffb8349c482
9f2355a294403b1e31ceb4650ababfa0,7bd73cce-a068-5c73-a8f4-0e7b5d3e847e
9fbe321bdf2f75af51b969870f80eb1b,94be8f0c-229d-5120-8ec3-4a4b2eb759d2
9fe48a036395c7c54d196a99ecbd2617,9cf6de91-da84-5074-bfca-e1f3961ed07c
9fe5b5b10053e2399a0588beb58ec9c5,7caf24f7-aaae-5cd6-8026-90cb081d8075
9ff665c51e9206ad61c23ce0fb54bd6b,43b09f34-283d-5b09-84eb-a93df291c4c4
a04e332f95b6699bbf6132a7be39b601,aab2ba34-9ec2-5c61-948e-6a10c7b18488
a086adb03e70a7bddddb6e5a29cb5c5a,82cbc83b-05d1-5a93-bb60-69c8c5f9aa04
a12521ec9efdf137cbb591206a483d88,3d46b2a8-dcd5-56e3-80f3-cc19a7369651
a12521ec9efdf137cbb591206a483d88,82cbc83b-05d1-5a93-bb60-69c8c5f9aa04
a134dd8a15431ecfcdc84049031553dc,656f5eb2-7add-5b5e-a771-c4310b4be6c9
a187ad35c4ed1d3c1ae950c69ce49177,7a1fc79b-257b-587d-9691-da866766d383
a18ea9a6d87fe9097f7df26d5a3d3780,4eed77fa-9767-536f-8fef-728b06ae1cb3
a1dae81402611e8b60289ef304c78d3f,207c913d-e57f-534b-ac8a-08e8ebf9933d
a1dae81402611e8b60289ef304c78d3f,875094b8-c444-56b7-9af6-4524d0de89cc
a1dae81402611e8b60289ef304c78d3f,9efa73fb-800e-59f7-96f1-5a1b3e9216ef
a1ff3abe5869e324a7fd612631554747,3d46b2a8-dcd5-56e3-80f3-cc19a7369651
a1ff3abe5869e324a7fd612631554747,93d0b666-26a5-57ab-a3dc-45f197c65e10
a20ffb851b932ba4444c9ee9fc3a2db8,ebc92dc3-8983-54dd-9caa-c6f17abe0517
a23cecb12ca9efe204525473ff813b34,9cf6de91-da84-5074-bfca-e1f3961ed07c
a261115408f0971a80eaa14d1dc1a434,caefd6be-08dd-561f-86e2-b3b02308da81
a27c644e46ef0e81f1323cf7e14e0e91,b3f1cee9-dc86-5d92-ae5e-b375141a3dde
a2b64659c4c080a9693a13dff3170d6b,bbb50559-558b-53f6-8a3a-19961ddf05ef
a2c09b6532e577b33dc443a7bd339ee9,ebc92dc3-8983-54dd-9caa-c6f17abe0517
a2fe83ffd1a17e7576d894e46a96e327,d368b117-5414-5c50-b434-c21cfb5f6797
a361c1a00cb771a4527ca7c717b537be,125e14b3-c05b-5d46-a15d-e4b86f112070
a3634fe614cb42f4af710eb5bacf26fd,b021c858-4e87-550d-adc4-b56553cc8004
a3b0bcbe18ac11c9c50fa11a243446d3,48a52860-1656-5303-ad23-7aa117354f8b
a3d805c8b1f8d97acbb9c1818f5cd354,9cf6de91-da84-5074-bfca-e1f3961ed07c
a3e53225699a81568202850ce995fe53,4eed77fa-9767-536f-8fef-728b06ae1cb3
a412df532a76b2f0139cded934821553,61bf8b6f-e11d-50ac-8cae-d6e6afd6f5d5
a4735fe552b02c61c217f4d5e439333f,207c913d-e57f-534b-ac8a-08e8ebf9933d
a48bbcb80e333cfcb01720929dd780b9,ebc92dc3-8983-54dd-9caa-c6f17abe0517
a4f9f7eaa06e30f42b2650c535670f3d,8cf95311-80b8-5a28-8132-7ffb8349c482
a51abe15d1df0428cfd3e776b1170b41,94be8f0c-229d-5120-8ec3-4a4b2eb759d2
a51fd14f86343d9070506179ac8a9675,43b09f34-283d-5b09-84eb-a93df291c4c4
a524482d49946c3e6378ab0fb58769e8,207c913d-e57f-534b-ac8a-08e8ebf9933d
a52720fef89ee20a4c32ed5f767770ae,61bf8b6f-e11d-50ac-8cae-d6e6afd6f5d5
a54cd6d81f0b09f1383e70ed6ccd2629,b021c858-4e87-550d-adc4-b56553cc8004
a5a1dd47d67c197d5346db6b071ba552,b3f1cee9-dc86-5d92-ae5e-b375141a3dde
a5f19e190d74d676d3bddbcb8e3ec231,1f43fcef-df62-50b8-8069-16415d068ed7
a5f4e94937651a9ac45106a629da3ddd,cd18797e-ccb1-5b3e-b32f-2b2aabf67d28
a6042fc9cbcb3e7e2f57247b862f3a96,cf5676b3-13f1-5946-9f45-c9aa21c9bdba
a63b7fa4eed20fafb284422e73fd4860,7cf9b00a-7f3d-527a-81c3-cb42eaa2be96
a662d3549fc41ddd69a45afa3806f683,125e14b3-c05b-5d46-a15d-e4b86f112070
a68849329e3cf8506c4531fefc6c8985,6f667981-4451-5004-a851-e42a3420ab88
a69759f852ab3a8ba26e9b513161ce3f,3d46b2a8-dcd5-56e3-80f3-cc19a7369651
a69759f852ab3a8ba26e9b513161ce3f,82cbc83b-05d1-5a93-bb60-69c8c5f9aa04
a699ea89de3db28739d95adf2d66f36b,e4a63f98-8afb-50e9-ad9a-4986fc498af9
a7113d6d4340907e3e367d2df82b6597,3d46b2a8-dcd5-56e3-80f3-cc19a7369651
a7113d6d4340907e3e367d2df82b6597,93d0b666-26a5-57ab-a3dc-45f197c65e10
a777197efbb03eb34a606e1d7432a2fd,61bf8b6f-e11d-50ac-8cae-d6e6afd6f5d5
a7eac081167b455ae8944886123fffef,43b09f34-283d-5b09-84eb-a93df291c4c4
a8151ec4de435ecea7ddecd5f42d6042,9efa73fb-800e-59f7-96f1-5a1b3e9216ef
a8510080838888a0eeac79007febdaa8,940014f4-065e-5b01-9fbe-d4c28f766dae
a858597b97cce1b28970e20f332d0363,d368b117-5414-5c50-b434-c21cfb5f6797
a8671ebcfefc88fba5594189c64ad25f,8975ee88-1a24-52cc-8c39-74ddf2741efb
a8844e7fe95b9a2d113a267f31f2e5ef,61bf8b6f-e11d-50ac-8cae-d6e6afd6f5d5
a884af058934ea4ac41373df1edee04e,3d46b2a8-dcd5-56e3-80f3-cc19a7369651
a884af058934ea4ac41373df1edee04e,82cbc83b-05d1-5a93-bb60-69c8c5f9aa04
a884af058934ea4ac41373df1edee04e,93d0b666-26a5-57ab-a3dc-45f197c65e10
a885df7dbab22a5362bc564eb2d20aa1,6f667981-4451-5004-a851-e42a3420ab88
a89622183ff09b6ef79a9ecb4022db32,43b09f34-283d-5b09-84eb-a93df291c4c4
a8b34594066cb6269941837db2ca3d09,3d46b2a8-dcd5-56e3-80f3-cc19a7369651
a8b34594066cb6269941837db2ca3d09,82cbc83b-05d1-5a93-bb60-69c8c5f9aa04
a8dcbfa2c93b8407ebf78f3ec63bccbc,875094b8-c444-56b7-9af6-4524d0de89cc
a9151b8420cb28d1c584d80193f87eb5,8975ee88-1a24-52cc-8c39-74ddf2741efb
a9ecd9bcf274ef226511e895e9797303,94be8f0c-229d-5120-8ec3-4a4b2eb759d2
a9f93364039d25668aa991f3963accde,3d46b2a8-dcd5-56e3-80f3-cc19a7369651
a9f93364039d25668aa991f3963accde,93d0b666-26a5-57ab-a3dc-45f197c65e10
a9f9e71c8fa3e1449976dd967b7e2e4e,9cf6de91-da84-5074-bfca-e1f3961ed07c
a9fb3ce5a3ef3d7e0bd54fed035edf4d,7bd73cce-a068-5c73-a8f4-0e7b5d3e847e
aa15052af4b8684271c4e2680b27de92,61bf8b6f-e11d-50ac-8cae-d6e6afd6f5d5
aa6cbf489a4704de8dc4c45fef502fd6,7cf9b00a-7f3d-527a-81c3-cb42eaa2be96
aaa98c56fb32a60b4f3d0f624b5070c7,3d46b2a8-dcd5-56e3-80f3-cc19a7369651
aaa98c56fb32a60b4f3d0f624b5070c7,93d0b666-26a5-57ab-a3dc-45f197c65e10
aac0cc09ba9f9d2a29a165b2a915e962,207c913d-e57f-534b-ac8a-08e8ebf9933d
ab1c51d2ba5ddb9c42152d03f9101053,1f43fcef-df62-50b8-8069-16415d068ed7
ab3a95da4418bab1d87d4c8924780e79,3d46b2a8-dcd5-56e3-80f3-cc19a7369651
ab67d5687a4402b130ebfc0741615860,207c913d-e57f-534b-ac8a-08e8ebf9933d
abb05aac13e5ea1547d77ed11c73ce50,61bf8b6f-e11d-50ac-8cae-d6e6afd6f5d5
abb847082f0e5456a4051da756adb68d,656f5eb2-7add-5b5e-a771-c4310b4be6c9
abcbdd6fd8d3cb179b632da123a7e349,207c913d-e57f-534b-ac8a-08e8ebf9933d
abcbdd6fd8d3cb179b632da123a7e349,9efa73fb-800e-59f7-96f1-5a1b3e9216ef
ac4f6d40d973f99913a29ce414965a55,1f43fcef-df62-50b8-8069-16415d068ed7
ac5a0e8e6fd107087d82b120ab12253b,656f5eb2-7add-5b5e-a771-c4310b4be6c9
ac6555e441cb99a1d9f8e6015b66a08b,3d46b2a8-dcd5-56e3-80f3-cc19a7369651
ac6555e441cb99a1d9f8e6015b66a08b,82cbc83b-05d1-5a93-bb60-69c8c5f9aa04
ac6e872e76ea9809b312ed33e33e7589,cd18797e-ccb1-5b3e-b32f-2b2aabf67d28
ac8dcd354d6ffd930c48d9242fc27b59,3d46b2a8-dcd5-56e3-80f3-cc19a7369651
ac8dcd354d6ffd930c48d9242fc27b59,93d0b666-26a5-57ab-a3dc-45f197c65e10
ac9f089e9f1e873fd1f285037e9791bc,43b09f34-283d-5b09-84eb-a93df291c4c4
ad2df0f19b8426000583ca9d434fe503,5b9f3c7a-ce4f-5fde-afc7-221cd3f69ada
ad32489fcaca6ecf9bcd93c560baba87,656f5eb2-7add-5b5e-a771-c4310b4be6c9
ad55e99c73a23b252d18658a8c2e35c8,da83550d-5287-5e4b-8325-fdcd93e5018e
ad8d4edb672f6600d791c370de788327,3d46b2a8-dcd5-56e3-80f3-cc19a7369651
ad8d4edb672f6600d791c370de788327,93d0b666-26a5-57ab-a3dc-45f197c65e10
ad9c710152f4e958eaac1515a7619dee,43b09f34-283d-5b09-84eb-a93df291c4c4
adbfcf8439882980b957216fd9e9c66f,9cf6de91-da84-5074-bfca-e1f3961ed07c
adc2ad0ed6f1b52ac281d1d17b048339,207c913d-e57f-534b-ac8a-08e8ebf9933d
ade7d0efba208139255ee080ba42ecbd,93d0b666-26a5-57ab-a3dc-45f197c65e10
ade952755e6e2b7e30361b3dec06d7bd,bf15ec86-d80c-5067-8f63-4c2f4186cda3
ae19bd39b041baf44a9e1f28889fa70b,656f5eb2-7add-5b5e-a771-c4310b4be6c9
ae5015cec081ce47c1d3069f9e0f72d8,61bf8b6f-e11d-50ac-8cae-d6e6afd6f5d5
aec275e0d4b7371b465440f287ed5ab8,207c913d-e57f-534b-ac8a-08e8ebf9933d
aee2e584a2bb0cfc32275f4917e0ef38,3d46b2a8-dcd5-56e3-80f3-cc19a7369651
af8e05b327954e5554ea353f9e5c6f32,8cf95311-80b8-5a28-8132-7ffb8349c482
af939fde8e4d20b8f4dad7e617187232,7a1fc79b-257b-587d-9691-da866766d383
afcd915ef174dcfbf62b89d5311b4751,b021c858-4e87-550d-adc4-b56553cc8004
afed1909180273a5b507f74928136a97,656f5eb2-7add-5b5e-a771-c4310b4be6c9
b011922be4a38d6de9d9a0d3b83b428e,cd18797e-ccb1-5b3e-b32f-2b2aabf67d28
b04b0951bcc0d05cf13ec8acc2991b98,656f5eb2-7add-5b5e-a771-c4310b4be6c9
b0f16d8ec94983134993a4073c48b937,7caf24f7-aaae-5cd6-8026-90cb081d8075
b0f87dfc493590ff917bfb03ec08217c,d368b117-5414-5c50-b434-c21cfb5f6797
b109dac572358f73c429a4b0b1ec8c00,ebc92dc3-8983-54dd-9caa-c6f17abe0517
b12f23c612b87de26415e076641e7451,656f5eb2-7add-5b5e-a771-c4310b4be6c9
b13c0872c38da9c172c2db6ec33ff238,da83550d-5287-5e4b-8325-fdcd93e5018e
b164973048132f33e63194c273823362,9cf6de91-da84-5074-bfca-e1f3961ed07c
b175122b7fc4be45e742dc174017154a,43b09f34-283d-5b09-84eb-a93df291c4c4
b1bed129335d29779a5f93be966f42a4,3d46b2a8-dcd5-56e3-80f3-cc19a7369651
b1c29b1b42cac11a31bd274810f3fc1a,656f5eb2-7add-5b5e-a771-c4310b4be6c9
b1ec72468b1d2e22fd972e970e76b7c0,eb873bde-1e1d-5a29-8b4c-dc02cedd1584
b24dfe8f2ca2f9088b996b931802df10,8cf95311-80b8-5a28-8132-7ffb8349c482
b2aa6bfbbd790d71f4d9a59abfb5ff44,940014f4-065e-5b01-9fbe-d4c28f766dae
b2b735e4cd8b299dd14ffbfc03ea42a9,5b9f3c7a-ce4f-5fde-afc7-221cd3f69ada
b2d1db50da2013af041e7394ce68f5de,ebc92dc3-8983-54dd-9caa-c6f17abe0517
b2d3d32e9f2752b79b4c691c5b86b288,8cf95311-80b8-5a28-8132-7ffb8349c482
b32c7b010f12be199a9a464fa933957f,207c913d-e57f-534b-ac8a-08e8ebf9933d
b347e1a799f0cef4df929262f3eaaa55,ebc92dc3-8983-54dd-9caa-c6f17abe0517
b380a87802edb5a702df7a186e48ee07,6b2ddd6b-2861-5626-b59e-9cf736ff2568
b3835c1fd4868d5f7424178033a47f1f,43b09f34-283d-5b09-84eb-a93df291c4c4
b3ee501db1d5c32bbcf27f7e37fa33cb,8cf95311-80b8-5a28-8132-7ffb8349c482
b42880a8b76ac7cb53898bfefd7766af,8e859eb6-419c-5ddc-9d3c-dff1eafce995
b42b1c5c966c78426e3bfa0527f6e999,7cf9b00a-7f3d-527a-81c3-cb42eaa2be96
b450e0fc1c8ecce14fb3f1a76ad8b3d1,43b09f34-283d-5b09-84eb-a93df291c4c4
b47562b441f84a46efbaba30ab626bfe,656f5eb2-7add-5b5e-a771-c4310b4be6c9
b4941dca202bcdf4d7b0b3becfd17186,7bd73cce-a068-5c73-a8f4-0e7b5d3e847e
b4be0190bc90a80563e77682bfc3241d,3d46b2a8-dcd5-56e3-80f3-cc19a7369651
b4d055476029eff7838d2388cb3196b2,207c913d-e57f-534b-ac8a-08e8ebf9933d
b4d055476029eff7838d2388cb3196b2,43b09f34-283d-5b09-84eb-a93df291c4c4
b5572f92752a0d0b89a2083524458bc1,7cf9b00a-7f3d-527a-81c3-cb42eaa2be96
b577c83cb49c54b5e866f62cfd7b64a0,125e14b3-c05b-5d46-a15d-e4b86f112070
b5944468b7e65104014e8b574a30c4dd,8b4993d6-5ab8-5280-bfaa-f37bd2e53bd6
b5a7df835e4620944d2522be86601f90,063ce33f-b7aa-5660-a9ff-f188850a7d87
b5cc6056aab9437ff3b4335775167f34,5b9f3c7a-ce4f-5fde-afc7-221cd3f69ada
b634fece8d17b1c53d0b2ea98bd1b24c,3d46b2a8-dcd5-56e3-80f3-cc19a7369651
b634fece8d17b1c53d0b2ea98bd1b24c,93d0b666-26a5-57ab-a3dc-45f197c65e10
b6ada8a8a372a77b2abf844b28c329d9,61bf8b6f-e11d-50ac-8cae-d6e6afd6f5d5
b6ce429b26d6e5615ba90e069ef38fb0,7a1fc79b-257b-587d-9691-da866766d383
b6e2fb4fafb30e3e8d5b87d86f516220,93d0b666-26a5-57ab-a3dc-45f197c65e10
b71f512a77f1d2ae4173de2191e5f37b,aab2ba34-9ec2-5c61-948e-6a10c7b18488
b75766d368a168ccc8e8d2a0d91cded8,063ce33f-b7aa-5660-a9ff-f188850a7d87
b79e8c3484c26aa76d8f846b7914a071,4eed77fa-9767-536f-8fef-728b06ae1cb3
b79e8c3484c26aa76d8f846b7914a071,eb873bde-1e1d-5a29-8b4c-dc02cedd1584
b7a39f0e22a4f6c548998e3e2bb26f24,207c913d-e57f-534b-ac8a-08e8ebf9933d
b7fd48edd682fc8c1ec44772fe5a31f6,a621bfc3-8efc-54bd-ace7-c4d50940fc7d
b82e70668039739677f9638be70aea63,656f5eb2-7add-5b5e-a771-c4310b4be6c9
b843f7657ea3ae2e3911c494af0d2994,7cf9b00a-7f3d-527a-81c3-cb42eaa2be96
b85bfd47e2b8415f462386014314a3e1,8cf95311-80b8-5a28-8132-7ffb8349c482
b89751cc76c8d915dbadf1f106725b1f,d9ad5815-06a6-5ce7-a342-cd0019412f73
b8a9d2e3058b3642a1a2e35225099261,656f5eb2-7add-5b5e-a771-c4310b4be6c9
b8c54bce3649a883c43a0f7b60a83d98,eb873bde-1e1d-5a29-8b4c-dc02cedd1584
b8dbb20fb02a60b903ab5e0f757d72b0,6f667981-4451-5004-a851-e42a3420ab88
b8f1e10710f729b81f5e6a9548465d92,b021c858-4e87-550d-adc4-b56553cc8004
b939e14ed96b584f1c2d2fe3150c0b14,940014f4-065e-5b01-9fbe-d4c28f766dae
b95a61fdb5f657967a06680fbc480e09,656f5eb2-7add-5b5e-a771-c4310b4be6c9
b9857e0827041197ec325cb50a32e688,9efa73fb-800e-59f7-96f1-5a1b3e9216ef
b9c3719e6066913a57f5f5ddc43839b2,61bf8b6f-e11d-50ac-8cae-d6e6afd6f5d5
b9df6d1567d1a23c3fcaaf09b1576db6,207c913d-e57f-534b-ac8a-08e8ebf9933d
b9df6d1567d1a23c3fcaaf09b1576db6,43b09f34-283d-5b09-84eb-a93df291c4c4
b9e18509eb4d179c824a9d4f05bf401b,ab0fd8fb-928e-585f-95d1-5a7f9983eacf
ba2d626eab1df9366a2c5def2880e325,43b09f34-283d-5b09-84eb-a93df291c4c4
ba6f73bd42fb1779a46b31dee3068d9e,7bd73cce-a068-5c73-a8f4-0e7b5d3e847e
ba756a99c163c8c646c167e77aa179f5,9efa73fb-800e-59f7-96f1-5a1b3e9216ef
bb00b6e4efeff51d0370a45b795a2556,75ed19ed-9b89-5f63-a2ca-193a80458317
bb097d3afa09dc2a3a2e567884e5ecda,14e13c91-19dc-5501-978c-2729a8ef67eb
bb10088eebeb772b5ace680c908a14fc,8b4993d6-5ab8-5280-bfaa-f37bd2e53bd6
bb14cc13f5c84e59feb7116b20cd5dae,61bf8b6f-e11d-50ac-8cae-d6e6afd6f5d5
bb2194204312b5376f97d533374c930b,8975ee88-1a24-52cc-8c39-74ddf2741efb
bb493f1103f7b519514450d688a2c5a5,14e13c91-19dc-5501-978c-2729a8ef67eb
bb68e9ab2ec10841e6b0c7bfd43df982,7cf9b00a-7f3d-527a-81c3-cb42eaa2be96
bb8c99f091d4c2342a452a68f2fe3c0a,7cf9b00a-7f3d-527a-81c3-cb42eaa2be96
bbd052d785e4a60cfd82d21f3d91429f,e501fdef-3d5e-5128-b862-ad46cf063906
bbdcacb46ce1bf23f86d937e8297f783,b021c858-4e87-550d-adc4-b56553cc8004
bbe0b1fb06b47e37d94a4e2df675a313,9cf6de91-da84-5074-bfca-e1f3961ed07c
bc00f10023beb7bf3af46ea613839a1e,9cf6de91-da84-5074-bfca-e1f3961ed07c
bc04d9ba182fd9e5d09fccbd1ec5191b,ab0fd8fb-928e-585f-95d1-5a7f9983eacf
bc73959c23235c4257e323fcfae4579e,7a1fc79b-257b-587d-9691-da866766d383
bcb8884e7f5b384e650d67bb27f2860c,1f43fcef-df62-50b8-8069-16415d068ed7
bd22e11e598a63d0d808726714da60d2,656f5eb2-7add-5b5e-a771-c4310b4be6c9
bd2e05859ce4a728fbe474fbe23f3df4,d368b117-5414-5c50-b434-c21cfb5f6797
bd52e9e7a5145ef54bd3076e790e6d68,9cf6de91-da84-5074-bfca-e1f3961ed07c
bd8c32cbe3bf809c7b93d92dc678db81,82cbc83b-05d1-5a93-bb60-69c8c5f9aa04
bdb02ef4e078b11435111f000b02e571,bf15ec86-d80c-5067-8f63-4c2f4186cda3
bdba607a5c037638578e8f18d7b3ffa3,628d1b77-562f-5511-aa4b-e858e3c8527f
bdcdbd96b0ac41afa794c1cee31d3834,f5f6f585-f601-5e0c-a7bc-b9e973ed73f0
bdce16490331b03d89a73ada31256c4f,1c4057d8-6ee8-5c89-b45d-adc83d437048
bde37d20c0aafd80bcacf7df9dca9949,8975ee88-1a24-52cc-8c39-74ddf2741efb
be2588f82ef69e006b8a47f9372332ac,3d46b2a8-dcd5-56e3-80f3-cc19a7369651
be2588f82ef69e006b8a47f9372332ac,93d0b666-26a5-57ab-a3dc-45f197c65e10
be2ac00e1b2205993ec8c3341fa1f139,9cf6de91-da84-5074-bfca-e1f3961ed07c
be40b7380961d23a7cdc2530ae5e9dd4,656f5eb2-7add-5b5e-a771-c4310b4be6c9
be40deef7d861abebfff2c16f890fa44,940014f4-065e-5b01-9fbe-d4c28f766dae
be6d96d2c02ab5a0307e1ec944ea3785,9cf6de91-da84-5074-bfca-e1f3961ed07c
be81f5b37f76aa06ba1c3f77d80d4aeb,8975ee88-1a24-52cc-8c39-74ddf2741efb
bead28b37a02f0181c286fc425d1e24c,93d0b666-26a5-57ab-a3dc-45f197c65e10
beb7037525a2d9cc653b5191e6a99aac,207c913d-e57f-534b-ac8a-08e8ebf9933d
beb7037525a2d9cc653b5191e6a99aac,897c4651-021d-5b44-a032-900b5676e247
becd7eb74d08126fd8c1197f20ad3b97,3d46b2a8-dcd5-56e3-80f3-cc19a7369651
bed0dade3e8b7b849befbedf885f2d8b,656f5eb2-7add-5b5e-a771-c4310b4be6c9
beddb0af55bf102aefd6002062f94a88,3d46b2a8-dcd5-56e3-80f3-cc19a7369651
beddb0af55bf102aefd6002062f94a88,93d0b666-26a5-57ab-a3dc-45f197c65e10
bf71aa7a602e7a9cea5aa3d2f1519511,897c4651-021d-5b44-a032-900b5676e247
bf754198e3f46375b71262f673db0a20,9cf6de91-da84-5074-bfca-e1f3961ed07c
bfbd7b59eaea3e42b42bd56afa671dd2,93d0b666-26a5-57ab-a3dc-45f197c65e10
bfbe1c3531b7c964f377836108cb178a,d368b117-5414-5c50-b434-c21cfb5f6797
bfeb932939a47398064f95e7f7b6118e,4eed77fa-9767-536f-8fef-728b06ae1cb3
bfecf107c8a5e6fad59c07b82eae010a,ab0fd8fb-928e-585f-95d1-5a7f9983eacf
c0183ee4e3c4daab5931852b7ac17aa9,48a52860-1656-5303-ad23-7aa117354f8b
c09304bcff1a092e8462a802cc345321,9cf6de91-da84-5074-bfca-e1f3961ed07c
c0b8bb45ef640ca8910472c79749998f,94be8f0c-229d-5120-8ec3-4a4b2eb759d2
c0c10f9551ad3937e6c367693fd4cc3e,207c913d-e57f-534b-ac8a-08e8ebf9933d
c0c10f9551ad3937e6c367693fd4cc3e,43b09f34-283d-5b09-84eb-a93df291c4c4
c0dc96a2cf388174d735da193942c6f4,656f5eb2-7add-5b5e-a771-c4310b4be6c9
c0e94bf1ca3270196a7e20050c93a46e,207c913d-e57f-534b-ac8a-08e8ebf9933d
c0ebc54bf86e6996e1ad4b2388c11a5d,43b09f34-283d-5b09-84eb-a93df291c4c4
c0ef6bb0c9b13916d6bf6aef71022fda,6b2ddd6b-2861-5626-b59e-9cf736ff2568
c1110dbbfdd5149c412247c71bfc9674,9cf6de91-da84-5074-bfca-e1f3961ed07c
c1394d52c36d447b2a1176fc5da8b235,7cf9b00a-7f3d-527a-81c3-cb42eaa2be96
c14291e1001a304e8c48d6c656c9bd99,eb873bde-1e1d-5a29-8b4c-dc02cedd1584
c1ab266ad5afe499c83fa5acaeb20f34,cd18797e-ccb1-5b3e-b32f-2b2aabf67d28
c1b3ecae4798e7eb1fd3392fd34687eb,61bf8b6f-e11d-50ac-8cae-d6e6afd6f5d5
c1d43a79b421413f421cb5e9f55acb95,5b9f3c7a-ce4f-5fde-afc7-221cd3f69ada
c205fce16d1d82c4a5b707bb37c70031,43b09f34-283d-5b09-84eb-a93df291c4c4
c20f29fd3c87d94a431a8befb754510e,4eed77fa-9767-536f-8fef-728b06ae1cb3
c20f29fd3c87d94a431a8befb754510e,eb873bde-1e1d-5a29-8b4c-dc02cedd1584
c21d747a5477331caac616819e1a76cc,e4a63f98-8afb-50e9-ad9a-4986fc498af9
c2317c74910eb0b907f35f2e79877d64,93d0b666-26a5-57ab-a3dc-45f197c65e10
c245ee01d055dc9a7b30f0d7406a772e,207c913d-e57f-534b-ac8a-08e8ebf9933d
c245ee01d055dc9a7b30f0d7406a772e,d368b117-5414-5c50-b434-c21cfb5f6797
c259dd9d367dea0d8a1cb2eafadcc96a,656f5eb2-7add-5b5e-a771-c4310b4be6c9
c2915bc0d558159d575455d6a4120be0,bf15ec86-d80c-5067-8f63-4c2f4186cda3
c29f2509420c84082708973e80b7ff02,3d46b2a8-dcd5-56e3-80f3-cc19a7369651
c29f2509420c84082708973e80b7ff02,82cbc83b-05d1-5a93-bb60-69c8c5f9aa04
c2c1d989d988eadade4b177a1e87b1c6,207c913d-e57f-534b-ac8a-08e8ebf9933d
c2c1d989d988eadade4b177a1e87b1c6,d368b117-5414-5c50-b434-c21cfb5f6797
c321fbeab3ac80fdb86f9ad473b34d67,48a52860-1656-5303-ad23-7aa117354f8b
c333dd40c59e91dfaea4231f5453b054,93d0b666-26a5-57ab-a3dc-45f197c65e10
c372938afe75422ae220f6b50755c384,61bf8b6f-e11d-50ac-8cae-d6e6afd6f5d5
c3ad8b0a68a5994ba5170fb72ec7e65c,ebc92dc3-8983-54dd-9caa-c6f17abe0517
c3bc7c0098cca184e141f38c890a2735,9cf6de91-da84-5074-bfca-e1f3961ed07c
c3d463014fc94fbd19c3d5e172d7dd7f,9efa73fb-800e-59f7-96f1-5a1b3e9216ef
c3f200deb231dacb78f078a366b37184,7a1fc79b-257b-587d-9691-da866766d383
c3f266ae2b66e4c7e9c392eb7fb46810,ab0fd8fb-928e-585f-95d1-5a7f9983eacf
c4048f3ab021ecb59c92e29e2f56200d,48a52860-1656-5303-ad23-7aa117354f8b
c43b662026c44c29a6d975303cb3d065,7caf24f7-aaae-5cd6-8026-90cb081d8075
c478695f12834e1c03eae8665d788b3a,d9ad5815-06a6-5ce7-a342-cd0019412f73
c4792b6ce18aa5e9f0dbd95653d4a2a5,93d0b666-26a5-57ab-a3dc-45f197c65e10
c4851bb399299da511707193de987341,8cf95311-80b8-5a28-8132-7ffb8349c482
c4ed9c38da7b7af4bae2ca51efae0345,7bd73cce-a068-5c73-a8f4-0e7b5d3e847e
c511b5e30ddc34706741d4603192c78e,207c913d-e57f-534b-ac8a-08e8ebf9933d
c5161b9811d2e6ac0aed18a775061d90,940014f4-065e-5b01-9fbe-d4c28f766dae
c535cbff1aa2f449c0523ad9c25e8672,61bf8b6f-e11d-50ac-8cae-d6e6afd6f5d5
c565b9123c32208703953f851aee5114,897c4651-021d-5b44-a032-900b5676e247
c5ccb0c59727a3e1ae3d988a98ec4cd4,9efa73fb-800e-59f7-96f1-5a1b3e9216ef
c63690da395ac016c9a4c1225112c9b6,628d1b77-562f-5511-aa4b-e858e3c8527f
c6417cbc773d22e705164d81a18f9dd5,da83550d-5287-5e4b-8325-fdcd93e5018e
c664f24d551ffd2e018e5a62df42a6eb,875094b8-c444-56b7-9af6-4524d0de89cc
c693f61cd53d68184e1012a076611275,61bf8b6f-e11d-50ac-8cae-d6e6afd6f5d5
c6bb015dbce5c9eb2914de287ab32698,bbb50559-558b-53f6-8a3a-19961ddf05ef
c6cb775edce1243d6d6ff7b594a7ae60,9efa73fb-800e-59f7-96f1-5a1b3e9216ef
c6e2bc8904852f29332df1eb2eb93752,cd18797e-ccb1-5b3e-b32f-2b2aabf67d28
c6f12f4f31884d41476a0abaf437454a,207c913d-e57f-534b-ac8a-08e8ebf9933d
c7061f953c2f228c444640188c90149a,7bd73cce-a068-5c73-a8f4-0e7b5d3e847e
c75e7c7848e02bdece096b31b58e2cd6,8cf95311-80b8-5a28-8132-7ffb8349c482
c79ee097eee329e28a54c5c35050cb03,ab0fd8fb-928e-585f-95d1-5a7f9983eacf
c7d1fd5d5a28900bdc7749851173ef64,207c913d-e57f-534b-ac8a-08e8ebf9933d
c8365542dfca57c68812336888c467c4,93d0b666-26a5-57ab-a3dc-45f197c65e10
c8bac2d91149c8739d5b44cba9659db5,940014f4-065e-5b01-9fbe-d4c28f766dae
c8d91cdab9009f45026e0f2a10de20ce,8e859eb6-419c-5ddc-9d3c-dff1eafce995
c8d91cdab9009f45026e0f2a10de20ce,94be8f0c-229d-5120-8ec3-4a4b2eb759d2
c9174120b2bc53004b937c5aae96f28a,7bd73cce-a068-5c73-a8f4-0e7b5d3e847e
c9281bd2e51d4029f539203be5664b3b,94be8f0c-229d-5120-8ec3-4a4b2eb759d2
c9329b955e47beb2822d70f81117eca6,eb873bde-1e1d-5a29-8b4c-dc02cedd1584
c95c6f5a4c04f985faf02b523bc0d2f8,7bd73cce-a068-5c73-a8f4-0e7b5d3e847e
c973b51f175e54f33b7df1c00960b614,f5f6f585-f601-5e0c-a7bc-b9e973ed73f0
c9b37703e5608c68a35ede9fa5e53d04,6b2ddd6b-2861-5626-b59e-9cf736ff2568
ca0b885d14a7f69c272030a21217f8ee,d368b117-5414-5c50-b434-c21cfb5f6797
ca90200fc23277c6afae7af05bcd596d,43b09f34-283d-5b09-84eb-a93df291c4c4
ca97508bb7a8aa16747361a2cef144cb,ebc92dc3-8983-54dd-9caa-c6f17abe0517
caa1a52256861edaa52df87a5860997e,61bf8b6f-e11d-50ac-8cae-d6e6afd6f5d5
cb050bf518064ff67aa228bc2830ffbf,f5f6f585-f601-5e0c-a7bc-b9e973ed73f0
cb379d7ca55f6bc2110ce636723e4a0b,4581acf9-a066-5fa8-aaf4-d6edf9a3a867
cb6331ead1378146bb2b5fb4abaca5ec,a621bfc3-8efc-54bd-ace7-c4d50940fc7d
cb67067ad38e6af58d05cf5d9bf111c3,b64d8288-b76d-5380-af9b-4cbfa23ffe6b
cb73c34ca08a9de4b79d3c9a095d655a,94be8f0c-229d-5120-8ec3-4a4b2eb759d2
cb8094512496b0c477394aa7ff628bac,9cf6de91-da84-5074-bfca-e1f3961ed07c
cb820df977836af3be595806a6f38cde,1f43fcef-df62-50b8-8069-16415d068ed7
cb89ec4357260c5f028526ce17469c9b,7caf24f7-aaae-5cd6-8026-90cb081d8075
cb955a97f9281626aa1fbbba20c62dd0,3d46b2a8-dcd5-56e3-80f3-cc19a7369651
cc2a2b3d2466a4f4a805639cb405406c,b021c858-4e87-550d-adc4-b56553cc8004
cc3c5d09fdb9e59bdbf15e240dbbfe8d,7a1fc79b-257b-587d-9691-da866766d383
ccac6f2e8adb198186b3b97321e7979f,61bf8b6f-e11d-50ac-8cae-d6e6afd6f5d5
ccc7d22d76be861a5a8bf4bfa199641c,59b99578-e9d7-5ba7-9a9c-5a6088427a92
ccd512c39695218031ca19df36aa3902,611d3d52-2660-5a18-a27e-866a92ee221e
cd0871b0632bde7d21e04a1c6fbe0618,6f667981-4451-5004-a851-e42a3420ab88
cd19fc861ffc6b468d73f9dfadce71a4,59b99578-e9d7-5ba7-9a9c-5a6088427a92
cd4a307f4376071e7026a544e612d633,ebc92dc3-8983-54dd-9caa-c6f17abe0517
cd8092194fb93a3c1540598f820baf5c,d9ad5815-06a6-5ce7-a342-cd0019412f73
cda464e5ce1687a4be27a36f18bf70e4,d368b117-5414-5c50-b434-c21cfb5f6797
cda6bada344367a38645c6b6132d3292,cd18797e-ccb1-5b3e-b32f-2b2aabf67d28
cdf80b887a87b4e18621683af561745f,8e859eb6-419c-5ddc-9d3c-dff1eafce995
ce00abfa8318a4c347a8a0c95bef49a6,207c913d-e57f-534b-ac8a-08e8ebf9933d
ce059f1903099bab830570158a7b9f3c,063ce33f-b7aa-5660-a9ff-f188850a7d87
ce1c766aa3e3aac0a25e46407452b0ae,9efa73fb-800e-59f7-96f1-5a1b3e9216ef
ce457595a82f9e1c4d29991b16a399b2,7caf24f7-aaae-5cd6-8026-90cb081d8075
ce63ab1e93dedaf2d0f9c5508bf4b2ff,ab0fd8fb-928e-585f-95d1-5a7f9983eacf
ce8867ac911e0520a69440225f4f5844,8e859eb6-419c-5ddc-9d3c-dff1eafce995
ce8ebe99be124da18e170d31ef47ef4f,caefd6be-08dd-561f-86e2-b3b02308da81
cea3b6c7630d344ded8910444b37bd80,8b4993d6-5ab8-5280-bfaa-f37bd2e53bd6
cecda8940b3f5833e83209335fa5b1ef,f5f6f585-f601-5e0c-a7bc-b9e973ed73f0
cf2f9c07cd03be38fcc02f3ba56377d8,82cbc83b-05d1-5a93-bb60-69c8c5f9aa04
cf31c31f9cb54e69550aab4e4ad11d48,7bd73cce-a068-5c73-a8f4-0e7b5d3e847e
cf7f86f8ae9e4ef152ba47163378c7e9,61bf8b6f-e11d-50ac-8cae-d6e6afd6f5d5
cf92209e9b1b14573870f3e148fae944,48a52860-1656-5303-ad23-7aa117354f8b
cfdbe00eda91848ae8d6473f89d04419,43b09f34-283d-5b09-84eb-a93df291c4c4
cfea07e36eb42e69126d3dcf7be52e63,897c4651-021d-5b44-a032-900b5676e247
cff5f1055e97a42f052b98878773f849,8e859eb6-419c-5ddc-9d3c-dff1eafce995
cff890ec4f74683247ec66a364efd396,940014f4-065e-5b01-9fbe-d4c28f766dae
d007b6738807a59bfc393ef8ca5d476b,207c913d-e57f-534b-ac8a-08e8ebf9933d
d007b6738807a59bfc393ef8ca5d476b,875094b8-c444-56b7-9af6-4524d0de89cc
d007b6738807a59bfc393ef8ca5d476b,9efa73fb-800e-59f7-96f1-5a1b3e9216ef
d0346071ff9655599e2b05a91e10512b,125e14b3-c05b-5d46-a15d-e4b86f112070
d0762efd98d3461220c4183aa0023e3c,207c913d-e57f-534b-ac8a-08e8ebf9933d
d0762efd98d3461220c4183aa0023e3c,d368b117-5414-5c50-b434-c21cfb5f6797
d08d9f8dd2fee1dd77b062c53cf56600,656f5eb2-7add-5b5e-a771-c4310b4be6c9
d0a2da751843946f1369761097f4dcb9,656f5eb2-7add-5b5e-a771-c4310b4be6c9
d0baadcc512a43571d31a6c0f5da3d9f,6f667981-4451-5004-a851-e42a3420ab88
d0cc10559a89075ff1080935487859c8,eb873bde-1e1d-5a29-8b4c-dc02cedd1584
d0d291be47304962f26806c7491ce87f,da83550d-5287-5e4b-8325-fdcd93e5018e
d0fbc03c44968510c4d19e748f201948,8e859eb6-419c-5ddc-9d3c-dff1eafce995
d188437734ec395e6eab7f4909443f00,7cf9b00a-7f3d-527a-81c3-cb42eaa2be96
d19b0a60204a6478d121e329779b5e31,43b09f34-283d-5b09-84eb-a93df291c4c4
d1d1bb0e38590745234c14b1bea95b3f,f5f6f585-f601-5e0c-a7bc-b9e973ed73f0
d1ee754d66918499ebbb518931bc0c16,59b99578-e9d7-5ba7-9a9c-5a6088427a92
d1fe85ada6159708d9c4fb4e30e50503,43b09f34-283d-5b09-84eb-a93df291c4c4
d23ba2adf674461c327a25be91664ee5,eb873bde-1e1d-5a29-8b4c-dc02cedd1584
d24994f0765f6f516b3d31330b232b3a,a621bfc3-8efc-54bd-ace7-c4d50940fc7d
d280135f25e244a3a6a53ae493e08b92,611d3d52-2660-5a18-a27e-866a92ee221e
d2a03779e6c81013f6934731b2f4b4e4,9cf6de91-da84-5074-bfca-e1f3961ed07c
d2cacfc555dcd8951341069731d1b1c0,628d1b77-562f-5511-aa4b-e858e3c8527f
d2f894596fb790a7b7de75ab415dba51,ebc92dc3-8983-54dd-9caa-c6f17abe0517
d3235cb994a8ff1b9e1c6b7c8b7471fd,656f5eb2-7add-5b5e-a771-c4310b4be6c9
d33c662e30f62d4d0604dbeb7cf953de,207c913d-e57f-534b-ac8a-08e8ebf9933d
d394581f892817877913d3d451244ff5,cd18797e-ccb1-5b3e-b32f-2b2aabf67d28
d394c3a7dc66da44cf6d9a093d744556,48a52860-1656-5303-ad23-7aa117354f8b
d39acba5583fb7ef40228ea30fec404e,7bd73cce-a068-5c73-a8f4-0e7b5d3e847e
d3a8fdd9161f3fee8ef99f4326b8d519,8e859eb6-419c-5ddc-9d3c-dff1eafce995
d3f6e5dd0b364b7ae425e015d5f3769a,7a1fc79b-257b-587d-9691-da866766d383
d3fa70d510228d304e0e9855e6c37d17,e4a63f98-8afb-50e9-ad9a-4986fc498af9
d43f30d9fef4dff9473800e019880219,6b2ddd6b-2861-5626-b59e-9cf736ff2568
d45009c94c23675c4dc78051e0f9395a,7bd73cce-a068-5c73-a8f4-0e7b5d3e847e
d4521cecf5100deec54145d81e8ea54f,656f5eb2-7add-5b5e-a771-c4310b4be6c9
d4543d9946d078eecae5c02f4cd81e6a,628d1b77-562f-5511-aa4b-e858e3c8527f
d4c5be5c0c942817f7cb99e177c47e31,7caf24f7-aaae-5cd6-8026-90cb081d8075
d4c903cf5e7f1b4ae728b16a404bddd0,9cf6de91-da84-5074-bfca-e1f3961ed07c
d4eb11f63f9d9138fe5606a9084ea412,611d3d52-2660-5a18-a27e-866a92ee221e
d513d8e788b4e3a2089e9c09fed75312,8e859eb6-419c-5ddc-9d3c-dff1eafce995
d5260c8d0a0e3f495cbe775ed74c2d2d,7cf9b00a-7f3d-527a-81c3-cb42eaa2be96
d53aa7edd0e314b4e13663cb53805d57,48a52860-1656-5303-ad23-7aa117354f8b
d55a7d0e7a571d2f85b4c4625e4cd622,cb0d8c6e-7f98-5551-ac12-dc8ac8943286
d5813ebd39621537a39b42634bd38778,93d0b666-26a5-57ab-a3dc-45f197c65e10
d5bc835459908dd3b48cfe05badb617c,8cf95311-80b8-5a28-8132-7ffb8349c482
d5c41566a6c98ac625141675feeb296f,7bd73cce-a068-5c73-a8f4-0e7b5d3e847e
d5c9afe1bce6f82a5137d59936b9b7a1,207c913d-e57f-534b-ac8a-08e8ebf9933d
d5d57034e514fa2a0bbde6a41370c6f1,f5f6f585-f601-5e0c-a7bc-b9e973ed73f0
d66066e3249cc1793cd8ccc2d67843dd,da83550d-5287-5e4b-8325-fdcd93e5018e
d669032cb1e7e50e59dc18e17320335f,3a2e305f-b524-5b35-8fa8-54a3a55c08b1
d689719c8068da9fe5e5507ebabf28f7,82cbc83b-05d1-5a93-bb60-69c8c5f9aa04
d6c8d3ffef95d50cf48c4177b9b6b2df,cd18797e-ccb1-5b3e-b32f-2b2aabf67d28
d6cff90a8042c0baee8aa68c4e397b31,207c913d-e57f-534b-ac8a-08e8ebf9933d
d6cff90a8042c0baee8aa68c4e397b31,d368b117-5414-5c50-b434-c21cfb5f6797
d6e0b035bf4279477133c55717a0eb01,93d0b666-26a5-57ab-a3dc-45f197c65e10
d70c9ca78633ba4cc50993a0be84096a,d368b117-5414-5c50-b434-c21cfb5f6797
d727a491571dc69e6494613c04691d08,9cf6de91-da84-5074-bfca-e1f3961ed07c
d75fc47ab1fbfd3d1d2cd3c257d7d548,cd18797e-ccb1-5b3e-b32f-2b2aabf67d28
d78a7e14dbe22b7b6db1b8768925c9a5,7a1fc79b-257b-587d-9691-da866766d383
d792035c464503b68a14b27de6523bd6,063ce33f-b7aa-5660-a9ff-f188850a7d87
d7c66e914240c47db5238a5d10e760ca,aab2ba34-9ec2-5c61-948e-6a10c7b18488
d7ec7c7a7a6129d666f8985efe9030ee,7cf9b00a-7f3d-527a-81c3-cb42eaa2be96
d84d2f89397795a022c772895bfee872,940014f4-065e-5b01-9fbe-d4c28f766dae
d87b46adf1500a9b539d7e164e53553b,43b09f34-283d-5b09-84eb-a93df291c4c4
d87f67df92cafbc8ebd4d8fd492aa848,125e14b3-c05b-5d46-a15d-e4b86f112070
d89bb20d39e4a1b42eba971e6bcbd54d,063ce33f-b7aa-5660-a9ff-f188850a7d87
d8ab10df191f9420a89c65ffb40035ca,48a52860-1656-5303-ad23-7aa117354f8b
d8c6efc14660ecb1fb1cd14bc4c9d34a,d368b117-5414-5c50-b434-c21cfb5f6797
d8c6fbc6679249cc2ec57b7e7e92f697,cd18797e-ccb1-5b3e-b32f-2b2aabf67d28
d8e6d2d3eb71ec1ad9f2a4532728c319,8e859eb6-419c-5ddc-9d3c-dff1eafce995
d97fb6855ee359eddc8d8c4d5f4e7d4e,3d46b2a8-dcd5-56e3-80f3-cc19a7369651
d97fb6855ee359eddc8d8c4d5f4e7d4e,93d0b666-26a5-57ab-a3dc-45f197c65e10
d9a3f9ca2cf5ea51a7f45ce5f0cb25b4,ebc92dc3-8983-54dd-9caa-c6f17abe0517
d9a78e7902735a04dda5c2b44aab0066,125e14b3-c05b-5d46-a15d-e4b86f112070
d9fe3bdac6c2fdd9e7a72807e5ad2c0e,6f667981-4451-5004-a851-e42a3420ab88
d9ff3f65762d15c839a24e38cb3c8c95,8b4993d6-5ab8-5280-bfaa-f37bd2e53bd6
da1c1c8508f0155a24c537df0d3ab157,207c913d-e57f-534b-ac8a-08e8ebf9933d
da1c1c8508f0155a24c537df0d3ab157,875094b8-c444-56b7-9af6-4524d0de89cc
da1c1c8508f0155a24c537df0d3ab157,9efa73fb-800e-59f7-96f1-5a1b3e9216ef
da583af5cadf79200690ff8fa21a2a99,48a52860-1656-5303-ad23-7aa117354f8b
da86c6a3a2c1a9d937bc3af59c32b1c5,6f667981-4451-5004-a851-e42a3420ab88
daa9a47d213cae21a6190a1a68222404,656f5eb2-7add-5b5e-a771-c4310b4be6c9
daaae2f508b875c46f783b1c4cd50ded,61bf8b6f-e11d-50ac-8cae-d6e6afd6f5d5
dabe6fd55ebbd74fcd78f8d0a84aaf40,897c4651-021d-5b44-a032-900b5676e247
db514afe907a5ddeccdabafe513a474a,5b9f3c7a-ce4f-5fde-afc7-221cd3f69ada
dba182ff7408c8efd3e3482d9bcc7eb0,897c4651-021d-5b44-a032-900b5676e247
dbb3d5d84b5aca6aaccee496322567f2,43b09f34-283d-5b09-84eb-a93df291c4c4
dbb47c1ae7ee8f5a71d42e04b6d4db0c,656f5eb2-7add-5b5e-a771-c4310b4be6c9
dc2a24c633f15cc7a7d213f70676decd,6b2ddd6b-2861-5626-b59e-9cf736ff2568
dc3038d3aab2a165c7f0d90ad34fc159,3d46b2a8-dcd5-56e3-80f3-cc19a7369651
dc6c2f35db1f9f035ea260f5676e7fa7,7cf9b00a-7f3d-527a-81c3-cb42eaa2be96
dc9e44d5079c5ae988dac171f2b51d13,61bf8b6f-e11d-50ac-8cae-d6e6afd6f5d5
dcfc636e0f13916aaab6986b98eb0ece,93d0b666-26a5-57ab-a3dc-45f197c65e10
dd1cb2405e19088f5cbf8b6456ab8a96,e501fdef-3d5e-5128-b862-ad46cf063906
dd29d244e36f36b8212ccc924dbb1e47,8e859eb6-419c-5ddc-9d3c-dff1eafce995
dd4ecfeca5431e4fb6080a5df3ea90fa,9efa73fb-800e-59f7-96f1-5a1b3e9216ef
dd877f23803adc9f80bb630c3e06f24e,caefd6be-08dd-561f-86e2-b3b02308da81
dd8c52a69b59a81f0807a4c6675cb65c,9efa73fb-800e-59f7-96f1-5a1b3e9216ef
ddb48b91e425e005c2ac3ac5e545b8d7,6f667981-4451-5004-a851-e42a3420ab88
ddb64fdef29acdfb9d48940bc613f1b2,43b09f34-283d-5b09-84eb-a93df291c4c4
ddc571592b7cd02074ea3cf62973ec1a,94c995c7-3161-5b68-9185-60ec73870738
de1d5edc49a44d0ef5f2a3908c9b2ced,b3f1cee9-dc86-5d92-ae5e-b375141a3dde
de2ef8922acf71ca2e08e3e51b5a59f2,940014f4-065e-5b01-9fbe-d4c28f766dae
de9e2e8545fa66ba46c8503ad0f8753f,ebc92dc3-8983-54dd-9caa-c6f17abe0517
dea3ce235f22d03203932865e3462819,4581acf9-a066-5fa8-aaf4-d6edf9a3a867
deb849fc377e2bb944376377638530ef,61bf8b6f-e11d-50ac-8cae-d6e6afd6f5d5
dec207aebdf3544121b2ed3df9b68bcc,e501fdef-3d5e-5128-b862-ad46cf063906
dee75e9826df84d2a42708e06b255695,e4a63f98-8afb-50e9-ad9a-4986fc498af9
deff0545dd7464dea15d77f6f9b7d9f7,940014f4-065e-5b01-9fbe-d4c28f766dae
df0c4c382cfe0c5e14d4ee5df8e7f89d,8b4993d6-5ab8-5280-bfaa-f37bd2e53bd6
df186939167a447c9186291d855e9dd4,61bf8b6f-e11d-50ac-8cae-d6e6afd6f5d5
df41b972cfa63953b4bd8ef08897ee65,48a52860-1656-5303-ad23-7aa117354f8b
dfa91a23ca8f819109830259e651450f,48a52860-1656-5303-ad23-7aa117354f8b
e07b2ec4133a002c1268b324d18f686f,9efa73fb-800e-59f7-96f1-5a1b3e9216ef
e093687a5cd9cd75bcd7bebb01af7eaf,cd18797e-ccb1-5b3e-b32f-2b2aabf67d28
e0b1f078a974b151e43deb252d8125f9,9efa73fb-800e-59f7-96f1-5a1b3e9216ef
e0c27f7c97938a64fe57b9666bff6800,d368b117-5414-5c50-b434-c21cfb5f6797
e1a20b7a5b389e08bbad16f88b2a3ad1,9cf6de91-da84-5074-bfca-e1f3961ed07c
e1ae4f25f2f0cd036c5b9e31bdf765a4,f5f6f585-f601-5e0c-a7bc-b9e973ed73f0
e1cff6bcc40b28751e1ba820807dad71,82cbc83b-05d1-5a93-bb60-69c8c5f9aa04
e1dbbe89e538de514eff4bea9d4f020e,7cf9b00a-7f3d-527a-81c3-cb42eaa2be96
e1f3475041ad65858bb51748d6b58283,3d46b2a8-dcd5-56e3-80f3-cc19a7369651
e1f8f708201f7eb8d822039a7a7971ef,f5f6f585-f601-5e0c-a7bc-b9e973ed73f0
e225944f1b5419fad7900bebfbc1e3d8,656f5eb2-7add-5b5e-a771-c4310b4be6c9
e23b26f0078c13043e48f862d030d3e7,5b9f3c7a-ce4f-5fde-afc7-221cd3f69ada
e2724e00a6861ccd716c93eb955a4f1e,9cf6de91-da84-5074-bfca-e1f3961ed07c
e274a490a5452079dcdb25c6d06386ec,61bf8b6f-e11d-50ac-8cae-d6e6afd6f5d5
e29ddd9d541f688ffbfb7e2ceeb5f760,7bd73cce-a068-5c73-a8f4-0e7b5d3e847e
e29f52d3f3e1aba0f8bb7af7dad9ca76,eb873bde-1e1d-5a29-8b4c-dc02cedd1584
e2e8b1abb249cd3652f9fea13e0e607c,61bf8b6f-e11d-50ac-8cae-d6e6afd6f5d5
e3224d5d0c9c46246f8f9e6e61e4f780,cf5676b3-13f1-5946-9f45-c9aa21c9bdba
e32344fb497ccd1b740d1eaa2aa37a4a,207c913d-e57f-534b-ac8a-08e8ebf9933d
e32344fb497ccd1b740d1eaa2aa37a4a,43b09f34-283d-5b09-84eb-a93df291c4c4
e35e90cbf2fc377a34463f9dcdf871da,8cf95311-80b8-5a28-8132-7ffb8349c482
e3a30b22cd97ebb9aee179b1c208f8dc,125e14b3-c05b-5d46-a15d-e4b86f112070
e3b1901d2f13600a8b74df5095b78d19,207c913d-e57f-534b-ac8a-08e8ebf9933d
e3f4026fab20a12ff3896a0c8fa63e12,4eed77fa-9767-536f-8fef-728b06ae1cb3
e4015f340e4761477e2049d2527adf23,3d46b2a8-dcd5-56e3-80f3-cc19a7369651
e4015f340e4761477e2049d2527adf23,93d0b666-26a5-57ab-a3dc-45f197c65e10
e427049edc4770ca95d12201e7f72a5d,6f667981-4451-5004-a851-e42a3420ab88
e42ce5f473b6972bae43db19187cd468,9cf6de91-da84-5074-bfca-e1f3961ed07c
e430965043fbc9ba85c39d9986a4066f,6f667981-4451-5004-a851-e42a3420ab88
e44860c911867cbbeea11ec8eb347b3b,7a1fc79b-257b-587d-9691-da866766d383
e45b74596e9dc7fb5dc8b7cca3ef5bba,61bf8b6f-e11d-50ac-8cae-d6e6afd6f5d5
e4c8418f9a3abca8e5f96a4500c5032b,9efa73fb-800e-59f7-96f1-5a1b3e9216ef
e4cfdd4f3ff9fdde3ed4f1dd0aaadc7b,eb873bde-1e1d-5a29-8b4c-dc02cedd1584
e536b23455f9e52ec24a36b1c2fae7a0,125e14b3-c05b-5d46-a15d-e4b86f112070
e57cfd3747c55e3b1f0e76f2272c48cc,9cf6de91-da84-5074-bfca-e1f3961ed07c
e584cf08b7b7b8282b9a140e0b889637,cd18797e-ccb1-5b3e-b32f-2b2aabf67d28
e58f12954bd06caf6ee4a44bd19b8a0b,207c913d-e57f-534b-ac8a-08e8ebf9933d
e5e8f1735b52536bc11ef27691623b43,7cf9b00a-7f3d-527a-81c3-cb42eaa2be96
e5fa76760f2348c7f419b7f34040adff,94c995c7-3161-5b68-9185-60ec73870738
e5fb9c06c9d3a46632cca0bed33f9455,43b09f34-283d-5b09-84eb-a93df291c4c4
e67a3b2a9d9f3f73150f4ba8927a8325,61bf8b6f-e11d-50ac-8cae-d6e6afd6f5d5
e68cdb17beb1f34a67d34ca21268ca98,656f5eb2-7add-5b5e-a771-c4310b4be6c9
e6952c87b5d2720128f8fc5fb2eb672c,cd18797e-ccb1-5b3e-b32f-2b2aabf67d28
e696c5da6ebae57d237c7f95b9fd134e,ab0fd8fb-928e-585f-95d1-5a7f9983eacf
e6eb3ecb89f7da576135043f96d1ac80,61bf8b6f-e11d-50ac-8cae-d6e6afd6f5d5
e72795f8da6a2e365be2784d0821aa4a,aab2ba34-9ec2-5c61-948e-6a10c7b18488
e77321cd00c566ce4a5478da891b02b2,8cf95311-80b8-5a28-8132-7ffb8349c482
e795f5fa7d5657ac6f81c31a5acbaa7f,61bf8b6f-e11d-50ac-8cae-d6e6afd6f5d5
e7bf1bc750999522dfdbf53ecafb9774,6b2ddd6b-2861-5626-b59e-9cf736ff2568
e7fdbb0503b9697d4c45e9c1a819387a,61bf8b6f-e11d-50ac-8cae-d6e6afd6f5d5
e7fdbb0503b9697d4c45e9c1a819387a,656f5eb2-7add-5b5e-a771-c4310b4be6c9
e8e38414cacf6c74cfc689dee3f3d6e8,656f5eb2-7add-5b5e-a771-c4310b4be6c9
e8f7491c3be7f4777020109e5fefc648,656f5eb2-7add-5b5e-a771-c4310b4be6c9
e91b741822568a99eb3a6de1cb6f9e37,61bf8b6f-e11d-50ac-8cae-d6e6afd6f5d5
e925c143f6dd773a68f92b2713dbc7af,61bf8b6f-e11d-50ac-8cae-d6e6afd6f5d5
e94f9559611823a06811bcf6e9d0efce,eb873bde-1e1d-5a29-8b4c-dc02cedd1584
e9641edd4435dafd6c8723cb8a396f04,940014f4-065e-5b01-9fbe-d4c28f766dae
e9997dbbdbc4a8f6bd8b1936bd992130,43b09f34-283d-5b09-84eb-a93df291c4c4
e9d82980cf66f12e6d98d4988b48a113,9efa73fb-800e-59f7-96f1-5a1b3e9216ef
e9edfd0dab2faeffce96e3f2c16cba76,9efa73fb-800e-59f7-96f1-5a1b3e9216ef
ea7e4017462b29b1ce92ded895359986,43b09f34-283d-5b09-84eb-a93df291c4c4
ea7ecce57ae3855d06776b299b17dba7,61bf8b6f-e11d-50ac-8cae-d6e6afd6f5d5
eab1789abd79172c7ec7df806976ba43,48a52860-1656-5303-ad23-7aa117354f8b
eaf70df72078fa480bb6a715d58be8bc,9efa73fb-800e-59f7-96f1-5a1b3e9216ef
eb46bcb1507ff5185a9ab532a2d5582d,7a1fc79b-257b-587d-9691-da866766d383
eb47edf008fd43b90fc70d995430ad00,207c913d-e57f-534b-ac8a-08e8ebf9933d
eb47edf008fd43b90fc70d995430ad00,d368b117-5414-5c50-b434-c21cfb5f6797
ec2392b30bb263929ea84fa0415d0a6a,ebc92dc3-8983-54dd-9caa-c6f17abe0517
ec5a926bfd0593ac035fb75f0d7f165f,cb0d8c6e-7f98-5551-ac12-dc8ac8943286
ec92ef43bda7f9b42ef8368792b59067,611d3d52-2660-5a18-a27e-866a92ee221e
ecbf7e3129b2da12736c058d0c8b7151,9cf6de91-da84-5074-bfca-e1f3961ed07c
ecc5f0e548df5f4a2e4d3e36f19e9f55,3d46b2a8-dcd5-56e3-80f3-cc19a7369651
ecc5f0e548df5f4a2e4d3e36f19e9f55,82cbc83b-05d1-5a93-bb60-69c8c5f9aa04
eceab2e95c0c7a5482edb374b6c81726,ebc92dc3-8983-54dd-9caa-c6f17abe0517
ecead8ca058e25b2c9568bcb79847150,ebc92dc3-8983-54dd-9caa-c6f17abe0517
ecf0df195215fa4a4d8a05f842e4129a,656f5eb2-7add-5b5e-a771-c4310b4be6c9
ed050e90f3ffc0415eaa1dbf4e363d61,d368b117-5414-5c50-b434-c21cfb5f6797
ed314dea881d391cfcc0dc5b80b31254,eb873bde-1e1d-5a29-8b4c-dc02cedd1584
ed5be5ef73fb37909a9b98e6490b3289,7bd73cce-a068-5c73-a8f4-0e7b5d3e847e
eda8f439512e1476bf1545f9193d20ba,207c913d-e57f-534b-ac8a-08e8ebf9933d
eda8f439512e1476bf1545f9193d20ba,43b09f34-283d-5b09-84eb-a93df291c4c4
edad7c1f5f677a89415242bc39728cf2,aab2ba34-9ec2-5c61-948e-6a10c7b18488
ede86e612ccb30f06bb7104ab29739e3,61bf8b6f-e11d-50ac-8cae-d6e6afd6f5d5
ee10c80c546364e1a44d8c09401c2659,125e14b3-c05b-5d46-a15d-e4b86f112070
ee38e369faef982fd0b08c68765f3b74,611d3d52-2660-5a18-a27e-866a92ee221e
ee3b2e026e6a8f3459baba506a57ee0b,61bf8b6f-e11d-50ac-8cae-d6e6afd6f5d5
ee7d44f674571c58c5394aad705c712e,207c913d-e57f-534b-ac8a-08e8ebf9933d
ee81906e95f273ba15c0793cb2edb8f4,4eed77fa-9767-536f-8fef-728b06ae1cb3
ee928a151dfeffb62db39ebf695cd53d,207c913d-e57f-534b-ac8a-08e8ebf9933d
ee94a16b80b13c22afc048b65783d8e1,ebc92dc3-8983-54dd-9caa-c6f17abe0517
eeb3debd996c451172e1a05f026c251a,82cbc83b-05d1-5a93-bb60-69c8c5f9aa04
eecd235c16d57944c87d9209cd7965b1,7cf9b00a-7f3d-527a-81c3-cb42eaa2be96
eeea1a7b8ca88b2b905f8fde502bc119,d368b117-5414-5c50-b434-c21cfb5f6797
ef3af5f80978f9ab276918ffbd7f0a00,1c4057d8-6ee8-5c89-b45d-adc83d437048
ef509cb3fc9eabd905a3072bb54aff31,656f5eb2-7add-5b5e-a771-c4310b4be6c9
ef778007e950b043e313f39d95ba666e,caefd6be-08dd-561f-86e2-b3b02308da81
f018251e2329937a53f169cd56da6cdf,3d46b2a8-dcd5-56e3-80f3-cc19a7369651
f018251e2329937a53f169cd56da6cdf,93d0b666-26a5-57ab-a3dc-45f197c65e10
f04a610f9e8fc1053f13ed21cf4e2b80,897c4651-021d-5b44-a032-900b5676e247
f0699756d94538b2f8a668c6569910c3,6f667981-4451-5004-a851-e42a3420ab88
f098e8c41ddea4907ce3a60ad3913b83,656f5eb2-7add-5b5e-a771-c4310b4be6c9
f0a4c131ef8d0e6894e08ba0b986579c,eb873bde-1e1d-5a29-8b4c-dc02cedd1584
f0c4df2630e6f8ca08f2bd19a0ee636d,4581acf9-a066-5fa8-aaf4-d6edf9a3a867
f11021fe03f598e24dfc45d2ce9a7dbe,4eed77fa-9767-536f-8fef-728b06ae1cb3
f123fecf833af7f4d44eab1040ac9046,656f5eb2-7add-5b5e-a771-c4310b4be6c9
f1866ce9e243c6c4b514bba12483b9bb,93d0b666-26a5-57ab-a3dc-45f197c65e10
f1e0530616deb03c2ece224bcb76f38a,5b9f3c7a-ce4f-5fde-afc7-221cd3f69ada
f1ed8b0fa0747f50b18ce92b53bddd1c,656f5eb2-7add-5b5e-a771-c4310b4be6c9
f1fda4111168fb25f7fcaf75d8d0c127,75ed19ed-9b89-5f63-a2ca-193a80458317
f20bb9a02ece539f318d245ad38a3dd8,7bd73cce-a068-5c73-a8f4-0e7b5d3e847e
f238a8c85b4b72a71f08dffbdd939683,4eed77fa-9767-536f-8fef-728b06ae1cb3
f2624d7133cb7b1c47050b219117bfca,61bf8b6f-e11d-50ac-8cae-d6e6afd6f5d5
f2784cbb61f12e29da96a1c545be5bcb,eb873bde-1e1d-5a29-8b4c-dc02cedd1584
f2d1aac123903b4433cda2e3618e88db,8e859eb6-419c-5ddc-9d3c-dff1eafce995
f2fa8465ee1fad752854c671e666c2c3,61bf8b6f-e11d-50ac-8cae-d6e6afd6f5d5
f377bc9595e5efb39230731699c360fe,7a1fc79b-257b-587d-9691-da866766d383
f3823e335519d89645ed9f373f9e60c0,628d1b77-562f-5511-aa4b-e858e3c8527f
f40ed7d5494fda716babc84314ee7b44,7bd73cce-a068-5c73-a8f4-0e7b5d3e847e
f4145973c1a8599918f2ff29af78509e,cd18797e-ccb1-5b3e-b32f-2b2aabf67d28
f42aedf7e0952bec3ecd1a50d4ca8fa3,cd18797e-ccb1-5b3e-b32f-2b2aabf67d28
f436a1b62076260dfcc6f2f88fc2c7af,940014f4-065e-5b01-9fbe-d4c28f766dae
f44a6859cfa00c140aa9aa463696c85b,94be8f0c-229d-5120-8ec3-4a4b2eb759d2
f48d1b1d494f883c01efec0df4465543,1c4057d8-6ee8-5c89-b45d-adc83d437048
f49405f7497862171c200836f33e2b31,b021c858-4e87-550d-adc4-b56553cc8004
f4b17c93511f5b0e7c088e0d15d660cc,43b09f34-283d-5b09-84eb-a93df291c4c4
f4bf713b752ea09e4d93bbe60407c87f,656f5eb2-7add-5b5e-a771-c4310b4be6c9
f4cd5dd2dcf1798d3b0a07c78b09a0ac,48a52860-1656-5303-ad23-7aa117354f8b
f501a65b792c3f149d6b4fb3c80c5c76,207c913d-e57f-534b-ac8a-08e8ebf9933d
f51680807bd8a0d39b7121902cea3624,9cf6de91-da84-5074-bfca-e1f3961ed07c
f52c7aaac946b6f334b62dfc3b2b0fee,6f667981-4451-5004-a851-e42a3420ab88
f55b0452ee23429d4d0f098a9234a469,ebc92dc3-8983-54dd-9caa-c6f17abe0517
f56166e053491837016ef7ca5a441a7e,43b09f34-283d-5b09-84eb-a93df291c4c4
f59506cf65ee6188340acc9fc7a09f40,eb873bde-1e1d-5a29-8b4c-dc02cedd1584
f59bc22f8dec9a96374042639aebcf49,ebc92dc3-8983-54dd-9caa-c6f17abe0517
f5de71e2e8183bfdee7d6994a07b0442,e501fdef-3d5e-5128-b862-ad46cf063906
f606bd3901848b1db166d945fa035dee,9cf6de91-da84-5074-bfca-e1f3961ed07c
f6174d1c2f87d9ad2166a12c1ba91d64,9cf6de91-da84-5074-bfca-e1f3961ed07c
f621fd1a5face12d16b558f03ce06356,656f5eb2-7add-5b5e-a771-c4310b4be6c9
f656f8c88a1a2f5d1fdeb19a56f55765,43b09f34-283d-5b09-84eb-a93df291c4c4
f66954aa304e39aa81274f553fdc5556,656f5eb2-7add-5b5e-a771-c4310b4be6c9
f66967f37d170acf729f715d4be4d423,48a52860-1656-5303-ad23-7aa117354f8b
f680679081dc2084e321e255ee2853e5,ebc92dc3-8983-54dd-9caa-c6f17abe0517
f69e282bd3e59a07aee7f289d4e1ef74,207c913d-e57f-534b-ac8a-08e8ebf9933d
f69e282bd3e59a07aee7f289d4e1ef74,897c4651-021d-5b44-a032-900b5676e247
f6a06cfa89a968de988d9841c7f31844,43b09f34-283d-5b09-84eb-a93df291c4c4
f6dba1de169b473eb05690325bb2d55a,9efa73fb-800e-59f7-96f1-5a1b3e9216ef
f6f70787d0d681d9b9be5044e7d109d1,1f7ee918-f66f-5770-90bf-ff912bd48050
f703955056c5c304c818f109a6854696,d368b117-5414-5c50-b434-c21cfb5f6797
f73ac3445fd603080358099a13afe1a2,d368b117-5414-5c50-b434-c21cfb5f6797
f78d2ed47c4253345f9a15bf509ac160,063ce33f-b7aa-5660-a9ff-f188850a7d87
f7bb8d73ccf0f893a2f9fba324138c0e,875094b8-c444-56b7-9af6-4524d0de89cc
f7fb37e4539d0aec8555d3bcc1b24854,7caf24f7-aaae-5cd6-8026-90cb081d8075
f80a793d686dd558b041f20ddcd460c6,82cbc83b-05d1-5a93-bb60-69c8c5f9aa04
f80e375171a45f681e60bd00df52ada4,9efa73fb-800e-59f7-96f1-5a1b3e9216ef
f8288096bdf3b509a81418a489111938,3d46b2a8-dcd5-56e3-80f3-cc19a7369651
f8288096bdf3b509a81418a489111938,93d0b666-26a5-57ab-a3dc-45f197c65e10
f82d5b31563a3763e201f424a21de6dc,61bf8b6f-e11d-50ac-8cae-d6e6afd6f5d5
f87a72575c4801eb9705fb700d757c16,207c913d-e57f-534b-ac8a-08e8ebf9933d
f8a0ca6842eca0a9da19591d7348ed18,61bf8b6f-e11d-50ac-8cae-d6e6afd6f5d5
f8a94b8fd20fcb569e55a9bd3c7a9eae,897c4651-021d-5b44-a032-900b5676e247
f8d513aa83cfa9044d69aa8151e53af4,3d46b2a8-dcd5-56e3-80f3-cc19a7369651
f8d513aa83cfa9044d69aa8151e53af4,82cbc83b-05d1-5a93-bb60-69c8c5f9aa04
f8d513aa83cfa9044d69aa8151e53af4,93d0b666-26a5-57ab-a3dc-45f197c65e10
f8e6b718c207ffc7bbc3d2e002b2a48c,7cf9b00a-7f3d-527a-81c3-cb42eaa2be96
f8f8823c0abbab31222ea43be08147fd,207c913d-e57f-534b-ac8a-08e8ebf9933d
f8f8823c0abbab31222ea43be08147fd,875094b8-c444-56b7-9af6-4524d0de89cc
f91990ed12d53eec0be0b1d728f091aa,7a1fc79b-257b-587d-9691-da866766d383
f9262e46e2700e580555a910fb144262,ab0fd8fb-928e-585f-95d1-5a7f9983eacf
f99bc86bd1669fdcd82071789582e2b3,207c913d-e57f-534b-ac8a-08e8ebf9933d
f99bc86bd1669fdcd82071789582e2b3,897c4651-021d-5b44-a032-900b5676e247
f9bbbc6fce312c34a53d95c9b8149828,940014f4-065e-5b01-9fbe-d4c28f766dae
f9ce07edf4b707a4dd6076ca67ccb6e2,4581acf9-a066-5fa8-aaf4-d6edf9a3a867
f9de42df85ecb7e3f922e8211a3aedcc,61bf8b6f-e11d-50ac-8cae-d6e6afd6f5d5
f9fb61503c4c6602c2d05cee2d15e1c2,ebc92dc3-8983-54dd-9caa-c6f17abe0517
fa3b016871eb265cdc8519b4e54fbd62,61bf8b6f-e11d-50ac-8cae-d6e6afd6f5d5
fa61820235fff280cdf4a9f743f4bbc5,7bd73cce-a068-5c73-a8f4-0e7b5d3e847e
fa62f95494b59e6bc25f25d1921e7eda,d368b117-5414-5c50-b434-c21cfb5f6797
fa7533e05ad280c87421d3ed9ad6ca5e,3d46b2a8-dcd5-56e3-80f3-cc19a7369651
faa03405b7b5144ad63762f9614cfd9b,656f5eb2-7add-5b5e-a771-c4310b4be6c9
faa62e9a14016e20519829f39eeb06d8,bf15ec86-d80c-5067-8f63-4c2f4186cda3
fad9c9ea5db2fcb14e3b4fb3995448f3,43b09f34-283d-5b09-84eb-a93df291c4c4
fb3bb3b49e8123bc9f81bb6b5f2e2b3e,3d46b2a8-dcd5-56e3-80f3-cc19a7369651
fb5ebad7a7371b22ee8a523d3c95fac8,ab0fd8fb-928e-585f-95d1-5a7f9983eacf
fb83ed9625d32abf8133d627de89441f,656f5eb2-7add-5b5e-a771-c4310b4be6c9
fb993fac13755abb5fa10222e3fb2ae9,43b09f34-283d-5b09-84eb-a93df291c4c4
fbc414fd36e11096f24fd6fdde38914d,7bd73cce-a068-5c73-a8f4-0e7b5d3e847e
fbd45153e0867992c01153cc80037de9,628d1b77-562f-5511-aa4b-e858e3c8527f
fc3781aded0bb6e4311633ebee679c1a,5b9f3c7a-ce4f-5fde-afc7-221cd3f69ada
fc544a790da4a0030e41e234e51a94e1,caefd6be-08dd-561f-86e2-b3b02308da81
fc83561dab8cef9ffd917daa029c47a2,61bf8b6f-e11d-50ac-8cae-d6e6afd6f5d5
fcabf82292bc992bbf7105a764048c73,75ed19ed-9b89-5f63-a2ca-193a80458317
fcb9b649d604bb2bfce7fafad445e0f6,207c913d-e57f-534b-ac8a-08e8ebf9933d
fcd63eaaf96a376147655b51f1a08ee4,d368b117-5414-5c50-b434-c21cfb5f6797
fcee6858f0f523e6d7d1728657cc56e4,43b09f34-283d-5b09-84eb-a93df291c4c4
fd1f1fb9fbf9c6a8b5a5cc43615d30ae,61bf8b6f-e11d-50ac-8cae-d6e6afd6f5d5
fd8f98aa9acf87828636a61774abe988,207c913d-e57f-534b-ac8a-08e8ebf9933d
fde52951bb1144c0e540e779939a7bc8,9efa73fb-800e-59f7-96f1-5a1b3e9216ef
fea9604e04f206e861f8190796b34ef2,3a2e305f-b524-5b35-8fa8-54a3a55c08b1
fec0f92d246314f09842cfae245f47f6,eb873bde-1e1d-5a29-8b4c-dc02cedd1584
fec4f84d61ae0b969845ba5e513d2254,7cf9b00a-7f3d-527a-81c3-cb42eaa2be96
fef5bd3e02515f42e7e5d258f1e74531,e4a63f98-8afb-50e9-ad9a-4986fc498af9
ff197e9c91b4d2071926ede08fcd8f14,cd18797e-ccb1-5b3e-b32f-2b2aabf67d28
ffcbde3e1cb22db0a053f25a1fa187be,7a1fc79b-257b-587d-9691-da866766d383
fff78b3d164c5310550955d12d7804c3,ebc92dc3-8983-54dd-9caa-c6f17abe0517
